frame,id,class,score,left,top,right,bottom,status
0,1,car,0.9352978467941284,0,222,287,364,New
0,2,car,0.7903856635093689,1076,149,1197,188,New
0,3,pedestrian,0.7898473739624023,939,144,987,289,New
0,4,pedestrian,0.7726216912269592,574,149,619,308,New
0,5,car,0.7472460269927979,447,169,481,196,New
0,6,pedestrian,0.6448554396629333,109,181,145,247,New
0,7,pedestrian,0.60990971326828,558,160,593,295,New
1,1,car,0.9331992268562317,0,222,287,364,New
1,2,car,0.7897220849990845,1062,148,1185,189,New
1,3,pedestrian,0.8695068955421448,943,146,1011,290,New
1,4,pedestrian,0.6743323802947998,573,152,618,312,New
1,5,car,0.7682350277900696,447,169,481,196,New
1,6,pedestrian,0.7345337271690369,116,180,154,250,New
2,1,car,0.9331936836242676,0,222,286,364,New
2,2,car,0.7671226859092712,1052,149,1176,189,New
2,3,pedestrian,0.8914642333984375,943,146,1022,290,New
2,4,pedestrian,0.8163627982139587,574,155,618,313,New
2,5,car,0.7636003494262695,447,169,481,196,New
2,6,pedestrian,0.6893622279167175,120,180,155,250,New
3,1,car,0.9295441508293152,0,223,286,364,Confirmed
3,2,car,0.7967814803123474,1043,150,1162,190,Confirmed
3,4,pedestrian,0.7954671382904053,576,156,619,310,Confirmed
3,5,car,0.7677275538444519,447,170,481,196,Confirmed
3,6,pedestrian,0.7210261225700378,125,180,158,253,Confirmed
3,9,pedestrian,0.6491531133651733,177,175,197,274,New
4,1,car,0.9288200736045837,0,224,286,364,Confirmed
4,2,car,0.6620280742645264,1035,152,1148,191,Confirmed
4,4,pedestrian,0.7875124669075012,576,157,619,310,Confirmed
4,5,car,0.8013126254081726,447,171,481,197,Confirmed
4,6,pedestrian,0.7138158613443375,126,180,159,253,Confirmed
4,10,pedestrian,0.8382510542869568,998,142,1053,289,New
4,11,pedestrian,0.7417499423027039,177,175,203,277,New
5,1,car,0.9272004961967468,0,225,286,364,Confirmed
5,2,car,0.655407793521881,1030,153,1143,192,Confirmed
5,4,pedestrian,0.7796373422384262,577,157,619,310,Confirmed
5,5,car,0.79597008228302,447,172,480,198,Confirmed
5,6,pedestrian,0.7066777027308941,128,180,160,254,Confirmed
5,10,pedestrian,0.8706001043319702,1008,143,1078,288,New
5,11,pedestrian,0.7615661025047302,178,174,208,277,New
6,1,car,0.9267517924308777,0,226,286,364,Confirmed
6,2,car,0.6488537155866623,1026,154,1138,192,Confirmed
6,4,pedestrian,0.7718409688160419,577,157,619,310,Confirmed
6,5,car,0.8028273582458496,447,172,480,198,Confirmed
6,6,pedestrian,0.6996109257035852,129,180,161,254,Confirmed
6,10,pedestrian,0.899054765701294,1016,143,1098,288,New
6,11,pedestrian,0.8020122051239014,182,175,216,277,New
6,12,cyclist,0.702963650226593,870,164,932,265,New
7,1,car,0.9244812726974487,0,226,286,364,Confirmed
7,2,car,0.6423651784307957,1022,154,1133,193,Confirmed
7,4,pedestrian,0.7641225591278815,577,157,620,310,Confirmed
7,5,car,0.8019605278968811,447,173,480,198,Confirmed
7,6,pedestrian,0.6926148164465493,130,180,162,254,Confirmed
7,10,pedestrian,0.8908862471580505,1025,143,1111,287,Confirmed
7,11,pedestrian,0.7624778747558594,185,176,223,278,Confirmed
7,12,cyclist,0.7656869292259216,873,161,952,264,New
7,13,car,0.6047354340553284,960,166,1017,197,New
8,1,car,0.9253403544425964,0,226,287,364,Confirmed
8,2,car,0.6359415266464877,1017,155,1128,193,Confirmed
8,4,pedestrian,0.7564813335366027,577,157,620,310,Confirmed
8,5,car,0.8001074194908142,447,173,480,198,Confirmed
8,6,pedestrian,0.6856886682820839,131,181,163,254,Confirmed
8,10,pedestrian,0.740104615688324,1039,140,1119,285,Confirmed
8,11,pedestrian,0.7024964690208435,193,176,229,279,Confirmed
8,12,cyclist,0.8054122924804688,877,161,968,265,New
8,14,pedestrian,0.5419073104858398,178,178,210,274,New
9,1,car,0.9253337979316711,0,226,287,364,Confirmed
9,2,car,0.6295821113800228,1012,155,1124,194,Confirmed
9,4,pedestrian,0.7489165202012367,578,157,620,310,Confirmed
9,5,car,0.798963725566864,447,173,481,198,Confirmed
9,6,pedestrian,0.678831781599263,132,181,164,255,Confirmed
9,10,pedestrian,0.7218639850616455,1060,136,1139,283,Confirmed
9,11,pedestrian,0.755561888217926,201,174,238,275,Confirmed
9,16,pedestrian,0.7096760869026184,180,178,222,278,New
10,1,car,0.9270885586738586,0,227,287,363,Confirmed
10,2,car,0.6232862902662226,1008,156,1119,194,Confirmed
10,4,pedestrian,0.7414273549992243,578,157,620,310,Confirmed
10,5,car,0.8040324449539185,447,173,480,198,Confirmed
10,6,pedestrian,0.6720434637832704,133,181,165,255,Confirmed
10,10,pedestrian,0.863233745098114,1077,135,1154,283,Confirmed
10,11,pedestrian,0.7982897162437439,210,173,249,272,Confirmed
10,16,pedestrian,0.7501010298728943,185,179,227,279,New
10,17,cyclist,0.7610952854156494,926,154,1021,263,New
11,1,car,0.9281401634216309,0,226,286,363,Confirmed
11,2,car,0.6170534273635604,1003,156,1114,195,Confirmed
11,4,pedestrian,0.734013081449232,578,157,621,310,Confirmed
11,5,car,0.7929141521453857,447,173,480,198,Confirmed
11,6,pedestrian,0.6653230291454377,134,181,166,255,Confirmed
11,10,pedestrian,0.8775255680084229,1087,135,1168,283,Confirmed
11,11,pedestrian,0.7884348630905151,219,173,261,271,Confirmed
11,16,pedestrian,0.7379184365272522,193,179,232,281,New
11,17,cyclist,0.793319821357727,950,146,1053,258,New
11,18,car,0.65690678358078,894,161,983,198,New
12,1,car,0.9265493154525757,0,226,286,363,Confirmed
12,2,car,0.6108828930899248,998,157,1110,195,Confirmed
12,4,pedestrian,0.7266729506347397,578,157,621,310,Confirmed
12,5,car,0.7970758676528931,447,173,481,198,Confirmed
12,6,pedestrian,0.6586697988539834,135,182,167,255,Confirmed
12,10,pedestrian,0.5614650249481201,1098,134,1178,282,Confirmed
12,11,pedestrian,0.7862665057182312,224,174,270,271,Confirmed
12,18,car,0.8348167538642883,880,161,983,198,New
13,1,car,0.9295792579650879,0,226,286,363,Confirmed
13,2,car,0.6047740641590256,994,158,1105,196,Confirmed
13,4,pedestrian,0.7194062211283923,579,157,621,310,Confirmed
13,5,car,0.8018043637275696,447,173,480,198,Confirmed
13,6,pedestrian,0.6520831008654435,136,182,168,256,Confirmed
13,10,pedestrian,0.776134192943573,1114,131,1186,280,Confirmed
13,11,pedestrian,0.7500402927398682,231,173,277,272,Confirmed
13,16,pedestrian,0.6859989762306213,206,177,243,279,Confirmed
13,18,car,0.8217947483062744,874,162,975,198,New
14,1,car,0.9289912581443787,0,226,286,363,Confirmed
14,2,car,0.5987263235174353,989,158,1100,197,Confirmed
14,4,pedestrian,0.7122121589171083,579,157,622,310,Confirmed
14,5,car,0.8000701069831848,447,173,480,198,Confirmed
14,6,pedestrian,0.6455622698567891,137,182,169,256,Confirmed
14,10,pedestrian,0.8684065937995911,1133,129,1205,279,Confirmed
14,11,pedestrian,0.7063109278678894,240,172,282,272,Confirmed
14,16,pedestrian,0.7125293016433716,212,177,250,278,Confirmed
14,17,cyclist,0.7384653091430664,1026,145,1126,253,New
14,18,car,0.7941887378692627,869,163,964,198,Confirmed
15,1,car,0.9300736784934998,0,226,286,363,Confirmed
15,2,car,0.5927390602822609,984,159,1096,197,Confirmed
15,4,pedestrian,0.7050900373279372,579,157,622,310,Confirmed
15,5,car,0.8019530177116394,447,173,481,198,Confirmed
15,6,pedestrian,0.6391066471582212,138,182,170,256,Confirmed
15,10,pedestrian,0.8918163180351257,1145,129,1219,279,Confirmed
15,11,pedestrian,0.7905580997467041,249,171,289,273,Confirmed
15,16,pedestrian,0.7816902995109558,216,177,256,279,Confirmed
15,17,cyclist,0.7692042589187622,1048,144,1150,252,Confirmed
15,18,car,0.7715368866920471,865,162,949,197,Confirmed
16,1,car,0.9288709759712219,0,226,286,363,Confirmed
16,2,car,0.5868116696794382,980,159,1091,198,Confirmed
16,4,pedestrian,0.6980391369546578,580,157,622,310,Confirmed
16,5,car,0.7974331974983215,447,173,481,198,Confirmed
16,6,pedestrian,0.632715580686639,139,183,171,256,Confirmed
16,10,pedestrian,0.8961832523345947,1151,128,1227,279,Confirmed
16,11,pedestrian,0.7817102670669556,257,171,298,273,Confirmed
16,16,pedestrian,0.6781966686248779,224,176,261,279,Confirmed
16,17,cyclist,0.6654947400093079,1069,143,1170,250,Confirmed
16,18,car,0.7638215178251266,862,163,945,197,Confirmed
17,1,car,0.9291983842849731,0,226,286,363,Confirmed
17,2,car,0.5809435529826438,975,160,1086,198,Confirmed
17,4,pedestrian,0.6910587455851113,580,157,622,310,Confirmed
17,5,car,0.796961784362793,447,173,481,198,Confirmed
17,6,pedestrian,0.6263884248797726,140,183,172,257,Confirmed
17,10,pedestrian,0.8403119444847107,1161,127,1233,278,Confirmed
17,11,pedestrian,0.7562907934188843,262,171,305,273,Confirmed
17,16,pedestrian,0.5810248851776123,232,173,267,272,Confirmed
17,17,cyclist,0.6572893857955933,1094,141,1193,247,Confirmed
17,18,car,0.7561833026468754,859,163,941,197,Confirmed
18,1,car,0.9300109148025513,0,227,286,363,Confirmed
18,2,car,0.5751341174528173,970,160,1082,199,Confirmed
18,4,pedestrian,0.6841481581292601,580,157,623,310,Confirmed
18,5,car,0.7994598150253296,447,173,480,197,Confirmed
18,6,pedestrian,0.6201245406309749,141,183,173,257,Confirmed
18,10,pedestrian,0.8319088250398636,1174,126,1245,277,Confirmed
18,11,pedestrian,0.762309193611145,271,171,312,273,Confirmed
18,16,pedestrian,0.7698324918746948,240,173,274,272,Confirmed
18,17,cyclist,0.6628484725952148,1118,139,1217,245,Confirmed
18,18,car,0.7486214696204067,856,163,937,197,Confirmed
18,19,pedestrian,0.5530339479446411,1200,138,1223,272,New
19,1,car,0.9283734560012817,0,227,286,363,Confirmed
19,2,car,0.5693827762782891,966,161,1077,199,Confirmed
19,4,pedestrian,0.6773066765479675,580,157,623,310,Confirmed
19,5,car,0.7978783249855042,447,173,480,197,Confirmed
19,6,pedestrian,0.6139232952246652,142,183,174,257,Confirmed
19,10,pedestrian,0.823589736789465,1187,124,1257,276,Confirmed
19,11,pedestrian,0.7952542901039124,279,169,319,273,Confirmed
19,16,pedestrian,0.7532016634941101,247,174,285,274,Confirmed
19,17,cyclist,0.6603891849517822,1140,136,1233,242,Confirmed
19,18,car,0.7411352549242026,852,163,934,197,Confirmed
20,1,car,0.9284655451774597,0,227,286,363,Confirmed
20,2,car,0.5636889485155062,961,161,1072,200,Confirmed
20,4,pedestrian,0.6705336097824878,581,157,623,310,Confirmed
20,5,car,0.7957159876823425,447,173,480,197,Confirmed
20,6,pedestrian,0.6077840622724185,143,184,175,257,Confirmed
20,10,pedestrian,0.8153538394215704,1199,124,1269,275,Confirmed
20,11,pedestrian,0.7611873149871826,288,169,328,273,Confirmed
20,16,pedestrian,0.7538999915122986,256,175,293,276,Confirmed
20,17,cyclist,0.6537852931022644,1162,134,1254,240,Confirmed
20,18,car,0.7337239023749605,849,163,930,197,Confirmed
21,1,car,0.9280467629432678,0,226,286,363,Confirmed
21,2,car,0.5580520590303512,956,162,1068,200,Confirmed
21,4,pedestrian,0.6638282736846629,581,157,623,310,Confirmed
21,5,car,0.7999415397644043,447,173,480,197,Confirmed
21,6,pedestrian,0.6017062216496943,144,184,176,258,Confirmed
21,10,pedestrian,0.8072003010273546,1212,123,1282,274,Confirmed
21,11,pedestrian,0.803916335105896,297,169,339,274,Confirmed
21,16,pedestrian,0.6257970333099365,264,174,300,277,Confirmed
21,18,car,0.7263866633512109,845,163,927,197,Confirmed
22,1,car,0.9285688400268555,0,226,286,363,Confirmed
22,2,car,0.5524715384400476,952,163,1063,201,Confirmed
22,4,pedestrian,0.6571899909478163,581,157,624,310,Confirmed
22,5,car,0.7931698560714722,447,173,480,197,Confirmed
22,6,pedestrian,0.5956891594331974,145,184,177,258,Confirmed
22,10,pedestrian,0.7991282980170811,1224,122,1294,273,Confirmed
22,11,pedestrian,0.819899320602417,303,169,350,275,Confirmed
22,16,pedestrian,0.698750376701355,273,171,307,272,Confirmed
22,18,car,0.7191227967176989,841,163,923,197,Confirmed
22,20,pedestrian,0.65851229429245,870,148,911,308,New
23,1,car,0.9269526600837708,0,226,286,363,Confirmed
23,2,car,0.5469468230556471,947,163,1058,202,Confirmed
23,4,pedestrian,0.6506180910383381,581,157,624,310,Confirmed
23,5,car,0.7975625991821289,447,173,480,198,Confirmed
23,6,pedestrian,0.5897322678388655,146,184,178,258,Confirmed
23,10,pedestrian,0.7911370150369103,1236,121,1306,272,Confirmed
23,11,pedestrian,0.787121057510376,309,169,357,274,Confirmed
23,16,pedestrian,0.7696623206138611,280,171,314,271,Confirmed
23,18,car,0.7119315687505219,838,163,919,197,Confirmed
23,20,pedestrian,0.8623211979866028,872,150,928,306,New
24,1,car,0.9280601739883423,0,226,286,363,Confirmed
24,2,car,0.5414773548250906,942,164,1054,202,Confirmed
24,4,pedestrian,0.6441119101279548,582,157,624,310,Confirmed
24,5,car,0.7960788011550903,447,173,481,198,Confirmed
24,6,pedestrian,0.5838349451604768,147,185,179,258,Confirmed
24,10,pedestrian,0.7832256448865411,1249,120,1319,271,Confirmed
24,11,pedestrian,0.779247522354126,318,168,364,274,Confirmed
24,16,pedestrian,0.7813829183578491,288,172,321,273,Confirmed
24,18,car,0.7048122530630166,834,163,916,197,Confirmed
24,20,pedestrian,0.8326630592346191,872,150,933,307,New
25,1,car,0.9290810823440552,0,226,286,363,Confirmed
25,2,car,0.5360625812768397,938,164,1049,203,Confirmed
25,4,pedestrian,0.6376707910266752,582,157,624,310,Confirmed
25,5,car,0.7955310940742493,447,173,481,198,Confirmed
25,6,pedestrian,0.5779965957088721,148,185,180,259,Confirmed
25,10,pedestrian,0.7753933884376757,1261,119,1331,270,Confirmed
25,11,pedestrian,0.772562563419342,327,168,370,273,Confirmed
25,16,pedestrian,0.7549178600311279,296,173,330,275,Confirmed
25,18,car,0.6977641305323865,831,163,912,197,Confirmed
25,20,pedestrian,0.8563456535339355,872,149,935,308,Confirmed
26,1,car,0.9264440536499023,0,226,286,363,Confirmed
26,2,car,0.5307019554640713,933,165,1044,203,Confirmed
26,4,pedestrian,0.6312940831164084,582,157,625,310,Confirmed
26,5,car,0.7957569360733032,447,173,480,198,Confirmed
26,6,pedestrian,0.5722166297517833,149,185,181,259,Confirmed
26,10,pedestrian,0.767639454553299,1273,118,1343,269,Confirmed
26,11,pedestrian,0.8212997913360596,336,169,378,273,Confirmed
26,16,pedestrian,0.6435808539390564,305,172,337,273,Confirmed
26,18,car,0.6907864892270627,827,163,909,197,Confirmed
26,20,pedestrian,0.8477821969985961,872,149,936,308,Confirmed
26,21,pedestrian,0.7224266529083252,870,154,900,302,New
27,1,car,0.9273253083229065,0,226,287,363,Confirmed
27,2,car,0.5253949359094305,928,165,1040,204,Confirmed
27,4,pedestrian,0.6249811422852444,582,157,625,310,Confirmed
27,5,car,0.7948343753814697,447,173,480,198,Confirmed
27,6,pedestrian,0.5664944634542655,150,185,182,259,Confirmed
27,10,pedestrian,0.7599630600077659,1286,117,1356,268,Confirmed
27,11,pedestrian,0.847145140171051,343,169,388,273,Confirmed
27,16,pedestrian,0.7384560108184814,314,170,345,266,Confirmed
27,18,car,0.683878624334792,824,163,905,197,Confirmed
27,20,pedestrian,0.7911749482154846,867,150,925,306,Confirmed
27,22,pedestrian,0.8558617234230042,908,144,973,310,New
28,1,car,0.9269324541091919,0,226,287,364,Confirmed
28,2,car,0.5201409865503362,924,166,1035,204,Confirmed
28,4,pedestrian,0.618731330862392,583,157,625,310,Confirmed
28,5,car,0.7954838871955872,447,173,480,198,Confirmed
28,6,pedestrian,0.5608295188197228,151,186,183,259,Confirmed
28,10,pedestrian,0.7523634294076883,1298,116,1368,267,Confirmed
28,11,pedestrian,0.7736437320709229,353,170,396,275,Confirmed
28,16,pedestrian,0.6996291279792786,324,171,353,266,Confirmed
28,18,car,0.6770398380914441,820,163,902,197,Confirmed
28,20,pedestrian,0.7947409152984619,872,152,939,304,Confirmed
28,22,pedestrian,0.8990724682807922,914,145,1003,310,New
29,1,car,0.9249603748321533,0,226,287,364,Confirmed
29,2,car,0.5149395766848329,919,166,1030,205,Confirmed
29,4,pedestrian,0.6125440175537681,583,157,626,310,Confirmed
29,5,car,0.7968830466270447,447,173,481,198,Confirmed
29,6,pedestrian,0.5552212236315255,152,186,184,260,Confirmed
29,10,pedestrian,0.7448397951136114,1310,115,1381,266,Confirmed
29,11,pedestrian,0.775118887424469,362,169,404,275,Confirmed
29,16,pedestrian,0.7358421087265015,333,172,365,268,Confirmed
29,18,car,0.6702694397105297,817,163,898,197,Confirmed
29,20,pedestrian,0.8331813216209412,876,155,952,304,Confirmed
29,22,pedestrian,0.8897531628608704,921,147,1017,310,New
30,1,car,0.9269160628318787,0,226,287,364,Confirmed
30,2,car,0.5097901809179846,914,167,1026,205,Confirmed
30,4,pedestrian,0.6064185773782304,583,157,626,310,Confirmed
30,5,car,0.7986661195755005,447,173,480,199,Confirmed
30,6,pedestrian,0.5496690113952102,153,186,185,260,Confirmed
30,10,pedestrian,0.7373913971624753,1323,114,1393,266,Confirmed
30,11,pedestrian,0.7960764169692993,372,169,413,274,Confirmed
30,16,pedestrian,0.6468724608421326,341,174,375,273,Confirmed
30,18,car,0.6635667453134243,813,163,895,197,Confirmed
30,20,pedestrian,0.8089163303375244,883,156,962,304,Confirmed
30,22,pedestrian,0.8251704573631287,929,146,1025,309,Confirmed
31,1,car,0.9266300797462463,0,226,287,364,Confirmed
31,2,car,0.5046922791088047,910,168,1021,206,Confirmed
31,4,pedestrian,0.600354391604448,583,157,626,310,Confirmed
31,5,car,0.8034588694572449,447,172,480,198,Confirmed
31,6,pedestrian,0.544172321281258,154,186,186,260,Confirmed
31,10,pedestrian,0.7300174831908505,1335,113,1405,265,Confirmed
31,11,pedestrian,0.830373227596283,382,169,426,274,Confirmed
31,16,pedestrian,0.5869792103767395,350,173,382,270,Confirmed
31,18,car,0.65693107786029,809,163,891,197,Confirmed
31,20,pedestrian,0.8054119348526001,897,154,969,302,Confirmed
31,22,pedestrian,0.8728964924812317,941,145,1031,308,Confirmed
32,1,car,0.9266389012336731,0,226,287,364,Confirmed
32,4,pedestrian,0.5943508476884035,584,157,626,310,Confirmed
32,5,car,0.803023099899292,447,172,480,198,Confirmed
32,6,pedestrian,0.5387305980684455,155,187,187,260,Confirmed
32,10,pedestrian,0.722717308358942,1348,112,1418,264,Confirmed
32,11,pedestrian,0.8327522873878479,389,169,436,274,Confirmed
32,16,pedestrian,0.6464869379997253,359,171,390,266,Confirmed
32,18,car,0.6503617670816871,806,163,887,197,Confirmed
32,20,pedestrian,0.7973578155040741,902,155,974,301,Confirmed
32,22,pedestrian,0.8641675275564193,956,144,1045,308,Confirmed
33,1,car,0.9276129603385925,0,227,287,364,Confirmed
33,4,pedestrian,0.5884073392115194,584,157,627,310,Confirmed
33,5,car,0.8132871389389038,447,172,480,198,Confirmed
33,6,pedestrian,0.533343292087761,156,187,188,261,Confirmed
33,10,pedestrian,0.7154901352753525,1360,111,1430,263,Confirmed
33,11,pedestrian,0.7791985273361206,396,169,443,274,Confirmed
33,16,pedestrian,0.6555942893028259,369,169,398,260,Confirmed
33,18,car,0.6438581494108703,802,163,884,197,Confirmed
33,20,pedestrian,0.7893842373490334,906,155,980,300,Confirmed
33,22,pedestrian,0.8671443462371826,977,143,1062,307,Confirmed
34,1,car,0.9275987148284912,0,227,287,364,Confirmed
34,4,pedestrian,0.5825232658194043,584,157,627,310,Confirmed
34,5,car,0.8192819356918335,446,173,480,198,Confirmed
34,6,pedestrian,0.5280098591668834,157,187,189,261,Confirmed
34,10,pedestrian,0.708335233922599,1372,110,1442,262,Confirmed
34,11,pedestrian,0.7047214508056641,404,171,448,274,Confirmed
34,16,pedestrian,0.6490383464097976,378,168,407,259,Confirmed
34,18,car,0.6374195679167616,799,163,880,197,Confirmed
34,20,pedestrian,0.7814903949755431,911,155,985,300,Confirmed
34,22,pedestrian,0.8912301063537598,990,143,1078,308,Confirmed
35,1,car,0.9273927807807922,0,227,287,364,Confirmed
35,4,pedestrian,0.5766980331612103,585,157,627,310,Confirmed
35,5,car,0.8226966857910156,447,173,481,198,Confirmed
35,6,pedestrian,0.5227297605752145,158,187,190,261,Confirmed
35,10,pedestrian,0.701251881583373,1385,109,1455,261,Confirmed
35,11,pedestrian,0.7868980169296265,413,169,455,274,Confirmed
35,16,pedestrian,0.6425479629456996,387,167,415,257,Confirmed
35,18,car,0.6310453722375939,795,163,877,197,Confirmed
35,20,pedestrian,0.7736754910257876,916,155,990,300,Confirmed
35,22,pedestrian,0.8612998723983765,1000,143,1090,308,Confirmed
35,26,pedestrian,0.7317072749137878,960,155,1019,300,New
36,1,car,0.9264498949050903,0,227,287,363,Confirmed
36,4,pedestrian,0.5709310528295981,585,158,627,310,Confirmed
36,5,car,0.8092317581176758,447,172,481,197,Confirmed
36,6,pedestrian,0.5175024629694623,159,188,191,261,Confirmed
36,10,pedestrian,0.6942393627675393,1397,108,1467,260,Confirmed
36,11,pedestrian,0.7905491590499878,423,172,465,273,Confirmed
36,16,pedestrian,0.547368049621582,398,167,426,251,Confirmed
36,18,car,0.624734918515218,792,163,873,197,Confirmed
36,20,pedestrian,0.7659387361155297,921,155,995,300,Confirmed
36,22,pedestrian,0.8570238947868347,1010,141,1097,306,Confirmed
36,26,pedestrian,0.7850788831710815,984,150,1032,288,New
37,1,car,0.9284252524375916,0,227,287,363,Confirmed
37,4,pedestrian,0.5652217423013021,585,158,628,310,Confirmed
37,5,car,0.6926031112670898,450,172,481,197,Confirmed
37,6,pedestrian,0.5123274383397677,160,188,192,262,Confirmed
37,10,pedestrian,0.6872969691398639,1409,107,1479,259,Confirmed
37,11,pedestrian,0.8249367475509644,431,173,475,273,Confirmed
37,16,pedestrian,0.7351987957954407,408,167,435,248,Confirmed
37,18,car,0.6184875693300658,788,163,870,197,Confirmed
37,20,pedestrian,0.7582793487543743,926,154,1000,300,Confirmed
37,22,pedestrian,0.7499690055847168,1029,137,1106,304,Confirmed
37,26,pedestrian,0.7919779419898987,1000,150,1049,293,New
37,27,pedestrian,0.5034421682357788,881,153,895,194,New
38,1,car,0.9282094836235046,0,227,287,363,Confirmed
38,4,pedestrian,0.559569524878289,585,158,628,310,Confirmed
38,5,car,0.685677080154419,451,172,482,197,Confirmed
38,6,pedestrian,0.50720416395637,161,188,193,262,Confirmed
38,10,pedestrian,0.6804239994484653,1422,106,1492,258,Confirmed
38,11,pedestrian,0.7346343994140625,440,170,483,272,Confirmed
38,16,pedestrian,0.7278468078374862,417,166,444,246,Confirmed
38,18,car,0.6123026936367651,785,163,866,198,Confirmed
38,20,pedestrian,0.7506965552668305,931,154,1005,300,Confirmed
38,22,pedestrian,0.8214257955551147,1045,135,1122,303,Confirmed
38,26,pedestrian,0.8464627265930176,1011,151,1061,295,Confirmed
38,29,pedestrian,0.5342361927032471,880,152,895,194,New
39,1,car,0.9268092513084412,0,227,287,363,Confirmed
39,4,pedestrian,0.5539738296295061,586,158,628,310,Confirmed
39,5,car,0.6788203093528747,451,172,482,197,Confirmed
39,6,pedestrian,0.5021321223168064,162,188,194,262,Confirmed
39,10,pedestrian,0.6736197594539807,1434,105,1504,257,Confirmed
39,11,pedestrian,0.689891517162323,447,170,489,272,Confirmed
39,16,pedestrian,0.7205683397591114,426,165,453,244,Confirmed
39,18,car,0.6061796667003975,781,163,863,198,Confirmed
39,20,pedestrian,0.7431895897141623,936,154,1010,299,Confirmed
39,22,pedestrian,0.8882779479026794,1061,135,1146,303,Confirmed
39,26,pedestrian,0.6505791544914246,1017,151,1070,296,Confirmed
39,30,pedestrian,0.7909702658653259,410,167,470,278,New
40,1,car,0.925269603729248,0,227,287,363,Confirmed
40,4,pedestrian,0.5484340913332111,586,158,628,310,Confirmed
40,5,car,0.672032106259346,452,172,482,197,Confirmed
40,10,pedestrian,0.6668835618594409,1446,104,1517,256,Confirmed
40,11,pedestrian,0.7887898683547974,457,169,497,271,Confirmed
40,16,pedestrian,0.7133626563615203,435,164,462,242,Confirmed
40,18,car,0.6001178700333935,777,163,859,198,Confirmed
40,20,pedestrian,0.7357576938170206,941,154,1015,299,Confirmed
40,22,pedestrian,0.8973219394683838,1069,135,1162,303,Confirmed
40,26,pedestrian,0.7799651622772217,1027,149,1090,296,Confirmed
40,30,pedestrian,0.5077542066574097,418,168,469,276,New
41,1,car,0.9266350269317627,0,227,287,363,Confirmed
41,4,pedestrian,0.5429497504198789,586,158,629,310,Confirmed
41,5,car,0.6653117851967525,452,172,483,197,Confirmed
41,10,pedestrian,0.6602147262408464,1459,103,1529,255,Confirmed
41,11,pedestrian,0.8069811463356018,468,169,509,270,Confirmed
41,16,pedestrian,0.7062290297979051,444,162,471,241,Confirmed
41,18,car,0.5941166913330596,774,163,855,198,Confirmed
41,20,pedestrian,0.7284001168788504,946,154,1020,299,Confirmed
41,22,pedestrian,0.862518310546875,1075,132,1173,302,Confirmed
41,26,pedestrian,0.8107645511627197,1038,146,1100,291,Confirmed
42,1,car,0.9277289509773254,0,227,287,363,Confirmed
42,4,pedestrian,0.5375202529156802,586,158,629,310,Confirmed
42,5,car,0.658658667344785,452,172,483,197,Confirmed
42,10,pedestrian,0.6536125789784379,1471,102,1541,254,Confirmed
42,11,pedestrian,0.7482683658599854,476,169,519,272,Confirmed
42,16,pedestrian,0.6945177912712097,455,169,482,244,Confirmed
42,18,car,0.588175524419729,770,163,852,198,Confirmed
42,20,pedestrian,0.721116115710062,951,154,1025,299,Confirmed
42,22,pedestrian,0.8576949238777161,1085,130,1180,300,Confirmed
42,26,pedestrian,0.7925547361373901,1054,144,1113,290,Confirmed
42,31,car,0.5848103761672974,447,172,467,199,New
43,1,car,0.9263855218887329,0,227,287,363,Confirmed
43,4,pedestrian,0.5321450503865234,587,158,629,310,Confirmed
43,5,car,0.693339467048645,448,173,477,198,Confirmed
43,10,pedestrian,0.6470764531886536,1484,101,1554,253,Confirmed
43,11,pedestrian,0.7832669615745544,485,169,527,271,Confirmed
43,16,pedestrian,0.6875726133584976,465,169,492,243,Confirmed
43,18,car,0.5822937691755317,767,163,848,198,Confirmed
43,20,pedestrian,0.7139049545529613,956,153,1030,299,Confirmed
43,22,pedestrian,0.7039794921875,1105,127,1190,299,Confirmed
43,26,pedestrian,0.8484155535697937,1070,143,1128,290,Confirmed
44,1,car,0.9270498752593994,0,227,287,363,Confirmed
44,4,pedestrian,0.5268235998826581,587,158,630,310,Confirmed
44,5,car,0.8357248306274414,448,173,478,198,Confirmed
44,10,pedestrian,0.640605688656767,1496,100,1566,252,Confirmed
44,11,pedestrian,0.7022385001182556,493,169,533,272,Confirmed
44,16,pedestrian,0.6806968872249126,474,168,501,242,Confirmed
44,18,car,0.5764708314837763,763,163,845,198,Confirmed
44,20,pedestrian,0.7067659050074317,961,153,1034,299,Confirmed
44,22,pedestrian,0.782379686832428,1125,126,1206,300,Confirmed
44,26,pedestrian,0.8529428839683533,1080,143,1141,291,Confirmed
44,30,pedestrian,0.7455207109451294,455,162,507,274,New
45,1,car,0.9263716340065002,0,227,287,363,Confirmed
45,4,pedestrian,0.5215553638838316,587,158,630,310,Confirmed
45,5,car,0.8132963180541992,448,172,479,198,Confirmed
45,10,pedestrian,0.6341996317701993,1508,99,1578,251,Confirmed
45,11,pedestrian,0.781726598739624,501,168,539,272,Confirmed
45,16,pedestrian,0.5719647407531738,484,169,509,242,Confirmed
45,18,car,0.5707061231689385,760,163,841,198,Confirmed
45,20,pedestrian,0.6996982459573574,966,153,1039,299,Confirmed
45,22,pedestrian,0.8810351490974426,1139,126,1221,300,Confirmed
45,26,pedestrian,0.8343454599380493,1087,142,1149,291,Confirmed
46,1,car,0.9271187782287598,0,227,287,363,Confirmed
46,4,pedestrian,0.5163398102449933,587,158,630,310,Confirmed
46,5,car,0.8081982731819153,448,172,479,198,Confirmed
46,10,pedestrian,0.6278576354524973,1521,98,1591,250,Confirmed
46,11,pedestrian,0.8158783912658691,511,168,550,271,Confirmed
46,16,pedestrian,0.6911314129829407,492,170,518,242,Confirmed
46,18,car,0.5649990619372491,756,163,838,198,Confirmed
46,20,pedestrian,0.6927012634977838,971,153,1044,298,Confirmed
46,22,pedestrian,0.8726299405097961,1146,127,1228,301,Confirmed
46,26,pedestrian,0.8509136438369751,1099,140,1159,289,Confirmed
47,1,car,0.9263290762901306,0,227,287,363,Confirmed
47,4,pedestrian,0.5111764121425434,588,158,630,310,Confirmed
47,5,car,0.8031448721885681,448,172,480,198,Confirmed
47,10,pedestrian,0.6215790590979723,1533,97,1603,249,Confirmed
47,11,pedestrian,0.7517882585525513,521,169,560,272,Confirmed
47,16,pedestrian,0.6842200988531113,501,169,527,242,Confirmed
47,18,car,0.5593490713178766,752,163,834,198,Confirmed
47,20,pedestrian,0.685774250862806,976,153,1049,298,Confirmed
47,22,pedestrian,0.8216686844825745,1154,126,1232,301,Confirmed
47,26,pedestrian,0.8330113291740417,1115,137,1173,286,Confirmed
48,1,car,0.9261915683746338,0,227,287,363,Confirmed
48,4,pedestrian,0.506064648021118,588,158,631,311,Confirmed
48,5,car,0.8054061532020569,447,173,480,198,Confirmed
48,10,pedestrian,0.6153632685069925,1545,96,1615,248,Confirmed
48,11,pedestrian,0.7408422827720642,529,169,567,272,Confirmed
48,16,pedestrian,0.6773778978645801,511,169,536,242,Confirmed
48,18,car,0.5537555806046979,749,163,831,198,Confirmed
48,20,pedestrian,0.6789165083541779,981,153,1054,298,Confirmed
48,22,pedestrian,0.8134519976377487,1166,125,1243,301,Confirmed
48,26,pedestrian,0.8363004922866821,1130,136,1189,286,Confirmed
48,30,pedestrian,0.8243630528450012,496,168,550,277,Confirmed
49,1,car,0.9279016852378845,0,227,287,363,Confirmed
49,4,pedestrian,0.5010040015409067,588,158,631,311,Confirmed
49,5,car,0.798513650894165,447,172,480,198,Confirmed
49,10,pedestrian,0.6092096358219226,1558,95,1628,247,Confirmed
49,11,pedestrian,0.7262204885482788,537,168,572,272,Confirmed
49,16,pedestrian,0.6706041188859343,520,169,545,241,Confirmed
49,18,car,0.5482180247986509,745,163,827,198,Confirmed
49,20,pedestrian,0.6721273432706362,986,153,1059,298,Confirmed
49,22,pedestrian,0.8053174776613712,1177,124,1254,301,Confirmed
49,26,pedestrian,0.8888304829597473,1141,136,1209,286,Confirmed
49,30,pedestrian,0.5185362696647644,506,170,558,277,Confirmed
50,1,car,0.9269991517066956,0,227,287,363,Confirmed
50,5,car,0.7993160486221313,447,173,480,198,Confirmed
50,10,pedestrian,0.6031175394637033,1570,94,1640,246,Confirmed
50,11,pedestrian,0.7711405754089355,545,167,580,269,Confirmed
50,16,pedestrian,0.6026477813720703,529,170,554,241,Confirmed
50,18,car,0.5427358445506644,742,163,823,198,Confirmed
50,20,pedestrian,0.6654060698379298,991,152,1064,298,Confirmed
50,22,pedestrian,0.7972643028847575,1189,123,1266,300,Confirmed
50,26,pedestrian,0.9014208316802979,1146,136,1220,287,Confirmed
50,30,pedestrian,0.5133509069681168,515,170,568,277,Confirmed
51,1,car,0.9263980984687805,0,227,287,363,Confirmed
51,5,car,0.7950364351272583,447,172,481,198,Confirmed
51,10,pedestrian,0.5970863640690662,1582,93,1652,245,Confirmed
51,11,pedestrian,0.7285903096199036,554,168,592,269,Confirmed
51,16,pedestrian,0.5035286545753479,538,169,562,242,Confirmed
51,18,car,0.5373084861051577,738,163,820,198,Confirmed
51,20,pedestrian,0.6587520091395506,996,152,1069,298,Confirmed
51,22,pedestrian,0.7892916598559099,1200,123,1277,300,Confirmed
51,26,pedestrian,0.8890973925590515,1151,134,1227,288,Confirmed
51,30,pedestrian,0.5082173978984357,525,171,578,277,Confirmed
52,1,car,0.924130380153656,0,226,287,363,Confirmed
52,5,car,0.7895517349243164,447,173,481,198,Confirmed
52,10,pedestrian,0.5911155004283756,1595,92,1665,244,Confirmed
52,11,pedestrian,0.6160088181495667,563,168,603,270,Confirmed
52,18,car,0.5319354012441061,735,163,816,198,Confirmed
52,20,pedestrian,0.652164489048155,1001,152,1074,297,Confirmed
52,22,pedestrian,0.7813987432573508,1212,122,1288,299,Confirmed
52,26,pedestrian,0.821274995803833,1162,132,1234,286,Confirmed
52,30,pedestrian,0.5031352239194513,534,171,587,277,Confirmed
53,1,car,0.9255078434944153,0,226,287,363,Confirmed
53,5,car,0.795105516910553,447,173,481,198,Confirmed
53,10,pedestrian,0.5852043454240918,1607,91,1677,243,Confirmed
53,11,pedestrian,0.653412938117981,572,168,611,271,Confirmed
53,18,car,0.526616047231665,731,163,813,198,Confirmed
53,20,pedestrian,0.6456428441576735,1006,152,1079,297,Confirmed
53,22,pedestrian,0.7735847558247773,1223,122,1300,299,Confirmed
53,26,pedestrian,0.8130622458457947,1172,131,1245,286,Confirmed
53,30,pedestrian,0.7034761309623718,539,173,594,277,Confirmed
53,33,pedestrian,0.7056241631507874,1199,148,1223,284,New
54,1,car,0.9270155429840088,0,226,287,363,Confirmed
54,5,car,0.798558235168457,447,172,481,198,Confirmed
54,10,pedestrian,0.5793523019698509,1619,91,1690,242,Confirmed
54,11,pedestrian,0.692554771900177,579,167,615,271,Confirmed
54,18,car,0.5213498867593483,728,163,809,198,Confirmed
54,20,pedestrian,0.6391864157160967,1011,152,1084,297,Confirmed
54,22,pedestrian,0.7658489082665295,1234,121,1311,298,Confirmed
54,26,pedestrian,0.8049316233873367,1182,130,1257,285,Confirmed
54,30,pedestrian,0.696441369652748,548,173,603,277,Confirmed
55,1,car,0.9265609979629517,0,226,286,364,Confirmed
55,5,car,0.7937142252922058,447,173,481,198,Confirmed
55,10,pedestrian,0.5735587789501524,1632,90,1702,241,Confirmed
55,11,pedestrian,0.6849844455718994,587,167,621,271,Confirmed
55,16,pedestrian,0.5766869187355042,573,173,596,246,Confirmed
55,18,car,0.5161363878917549,724,163,806,198,Confirmed
55,20,pedestrian,0.6327945515589357,1016,152,1089,297,Confirmed
55,22,pedestrian,0.7581904191838642,1246,121,1323,297,Confirmed
55,26,pedestrian,0.7968823071534633,1193,129,1268,284,Confirmed
55,30,pedestrian,0.6894769559562206,557,173,612,277,Confirmed
56,1,car,0.926735520362854,0,226,286,364,Confirmed
56,5,car,0.7933504581451416,447,172,481,198,Confirmed
56,10,pedestrian,0.5678231911606508,1644,89,1714,240,Confirmed
56,11,pedestrian,0.6343764066696167,594,166,625,267,Confirmed
56,16,pedestrian,0.5709200495481491,581,173,605,247,Confirmed
56,18,car,0.5109750240128373,720,163,802,198,Confirmed
56,20,pedestrian,0.6264666060433464,1021,151,1094,297,Confirmed
56,22,pedestrian,0.7506085149920255,1257,120,1334,297,Confirmed
56,26,pedestrian,0.7889134840819286,1204,128,1278,283,Confirmed
56,30,pedestrian,0.6825821863966584,566,174,621,278,Confirmed
57,1,car,0.9255696535110474,0,226,286,364,Confirmed
57,5,car,0.7979604601860046,447,173,481,198,Confirmed
57,10,pedestrian,0.5621449592490443,1657,88,1727,239,Confirmed
57,11,pedestrian,0.6280326426029206,603,165,632,267,Confirmed
57,16,pedestrian,0.5652108490526676,590,174,614,247,Confirmed
57,18,car,0.505865273772709,717,163,798,198,Confirmed
57,20,pedestrian,0.6202019399829128,1026,151,1099,297,Confirmed
57,22,pedestrian,0.7431024298421053,1269,120,1345,296,Confirmed
57,26,pedestrian,0.7810243492411093,1215,127,1289,283,Confirmed
57,30,pedestrian,0.6926034688949585,576,171,620,275,Confirmed
58,1,car,0.9260979294776917,0,227,286,364,Confirmed
58,5,car,0.7967519164085388,446,173,481,198,Confirmed
58,10,pedestrian,0.5565235096565538,1669,87,1739,238,Confirmed
58,11,pedestrian,0.6217523161768914,611,165,640,266,Confirmed
58,18,car,0.5008066210349819,713,163,795,198,Confirmed
58,20,pedestrian,0.6139999205830837,1031,151,1104,297,Confirmed
58,22,pedestrian,0.7356714055436843,1280,119,1357,296,Confirmed
58,26,pedestrian,0.7732141057486982,1225,126,1300,282,Confirmed
58,30,pedestrian,0.7741440534591675,583,171,623,274,Confirmed
59,1,car,0.9264094829559326,0,227,286,364,Confirmed
59,5,car,0.7952039241790771,447,172,481,198,Confirmed
59,10,pedestrian,0.5509582745599882,1681,86,1751,237,Confirmed
59,11,pedestrian,0.6155347930151225,618,164,647,265,Confirmed
59,20,pedestrian,0.6078599213772529,1036,151,1109,296,Confirmed
59,22,pedestrian,0.7283146914882475,1291,118,1368,295,Confirmed
59,26,pedestrian,0.7654819646912112,1236,125,1311,281,Confirmed
59,30,pedestrian,0.7664026129245758,591,170,630,274,Confirmed
60,1,car,0.9253210425376892,0,227,286,364,Confirmed
60,5,car,0.7992985844612122,447,173,481,198,Confirmed
60,10,pedestrian,0.5454486918143884,1694,85,1764,236,Confirmed
60,11,pedestrian,0.6093794450849712,626,164,655,265,Confirmed
60,20,pedestrian,0.6017813221634803,1041,151,1114,296,Confirmed
60,22,pedestrian,0.7210315445733649,1303,118,1380,295,Confirmed
60,26,pedestrian,0.757827145044299,1247,124,1322,280,Confirmed
60,30,pedestrian,0.75873858679533,600,170,637,274,Confirmed
61,1,car,0.9262785315513611,0,227,286,364,Confirmed
61,5,car,0.7936662435531616,447,172,481,198,Confirmed
61,10,pedestrian,0.5399942048962445,1706,84,1776,235,Confirmed
61,11,pedestrian,0.6032856506341215,633,163,662,264,Confirmed
61,20,pedestrian,0.5957635089418455,1046,151,1119,296,Confirmed
61,22,pedestrian,0.7138212291276312,1314,117,1391,294,Confirmed
61,26,pedestrian,0.7502488735938561,1258,123,1333,279,Confirmed
61,30,pedestrian,0.7511512009273767,607,170,645,274,Confirmed
62,1,car,0.926909327507019,0,227,286,363,Confirmed
62,5,car,0.7945333123207092,447,173,481,198,Confirmed
62,10,pedestrian,0.5345942628472821,1718,83,1788,234,Confirmed
62,11,pedestrian,0.5972527941277803,641,163,670,264,Confirmed
62,20,pedestrian,0.589805873852427,1051,151,1124,296,Confirmed
62,22,pedestrian,0.7066830168363549,1326,117,1402,294,Confirmed
62,26,pedestrian,0.7427463848579174,1269,123,1343,278,Confirmed
62,30,pedestrian,0.743639688918103,615,170,653,273,Confirmed
63,1,car,0.9267451763153076,0,227,286,363,Confirmed
63,5,car,0.798789918422699,447,173,481,198,Confirmed
63,10,pedestrian,0.5292483202188092,1731,82,1801,233,Confirmed
63,11,pedestrian,0.5912802661865025,648,162,677,263,Confirmed
63,20,pedestrian,0.5839078151139028,1056,150,1129,296,Confirmed
63,22,pedestrian,0.6996161866679914,1337,116,1414,293,Confirmed
63,26,pedestrian,0.7353189210093383,1279,122,1354,277,Confirmed
63,30,pedestrian,0.7362032920289219,623,170,661,273,Confirmed
64,1,car,0.9251064658164978,0,227,286,363,Confirmed
64,5,car,0.7990308403968811,446,173,481,198,Confirmed
64,10,pedestrian,0.5239558370166211,1743,81,1813,233,Confirmed
64,11,pedestrian,0.5853674635246375,656,162,685,263,Confirmed
64,20,pedestrian,0.5780687369627637,1061,150,1134,296,Confirmed
64,22,pedestrian,0.6926200248013115,1348,116,1425,293,Confirmed
64,26,pedestrian,0.7279657317992448,1290,121,1365,276,Confirmed
64,30,pedestrian,0.7288412591086326,631,169,669,273,Confirmed
65,1,car,0.9246154427528381,0,227,286,363,Confirmed
65,5,car,0.797332763671875,446,173,481,198,Confirmed
65,10,pedestrian,0.5187162786464549,1755,80,1826,232,Confirmed
65,11,pedestrian,0.5795137888893912,664,161,693,262,Confirmed
65,20,pedestrian,0.5722880495931361,1065,150,1139,295,Confirmed
65,22,pedestrian,0.6856938245532983,1360,115,1437,292,Confirmed
65,26,pedestrian,0.7206860744812524,1301,120,1376,276,Confirmed
65,30,pedestrian,0.7215528465175463,639,169,677,273,Confirmed
66,1,car,0.9251380562782288,0,226,286,363,Confirmed
66,5,car,0.8010858297348022,446,173,481,198,Confirmed
66,10,pedestrian,0.5135291158599903,1768,79,1838,231,Confirmed
66,11,pedestrian,0.5737186510004972,671,160,700,262,Confirmed
66,20,pedestrian,0.5665651690972047,1070,150,1144,295,Confirmed
66,22,pedestrian,0.6788368863077653,1371,115,1448,291,Confirmed
66,26,pedestrian,0.7134792137364399,1312,119,1387,275,Confirmed
66,30,pedestrian,0.7143373180523708,647,169,684,272,Confirmed
67,1,car,0.9262049794197083,0,226,286,363,Confirmed
67,5,car,0.8042212128639221,446,173,481,199,Confirmed
67,10,pedestrian,0.5083938247013904,1780,78,1850,230,Confirmed
67,11,pedestrian,0.5679814644904922,679,160,708,261,Confirmed
67,20,pedestrian,0.5608995174062326,1075,150,1149,295,Confirmed
67,22,pedestrian,0.6720485174446876,1383,114,1459,291,Confirmed
67,26,pedestrian,0.7063444215990754,1323,118,1397,274,Confirmed
67,30,pedestrian,0.7071939448718471,654,169,692,272,Confirmed
68,1,car,0.9272993803024292,0,226,286,363,Confirmed
68,5,car,0.8019058704376221,446,173,481,199,Confirmed
68,10,pedestrian,0.5033098864543765,1793,77,1863,229,Confirmed
68,11,pedestrian,0.5623016498455873,686,159,715,260,Confirmed
68,20,pedestrian,0.5552905222321702,1080,150,1154,295,Confirmed
68,22,pedestrian,0.6653280322702407,1394,114,1471,290,Confirmed
68,26,pedestrian,0.6992809773830846,1333,117,1408,273,Confirmed
68,30,pedestrian,0.7001220054231286,662,169,700,272,Confirmed
69,1,car,0.9241373538970947,0,226,286,363,Confirmed
69,5,car,0.7987794280052185,446,173,481,199,Confirmed
69,11,pedestrian,0.5566786333471314,694,159,723,260,Confirmed
69,20,pedestrian,0.5497376170098486,1085,149,1159,295,Confirmed
69,22,pedestrian,0.6586747519475383,1405,113,1482,290,Confirmed
69,26,pedestrian,0.6922881676092537,1344,116,1419,272,Confirmed
69,30,pedestrian,0.6931207853688973,670,168,708,272,Confirmed
70,1,car,0.9253101944923401,0,226,286,363,Confirmed
70,5,car,0.7986066341400146,446,172,481,199,Confirmed
70,11,pedestrian,0.5511118470136601,701,158,730,259,Confirmed
70,20,pedestrian,0.5442402408397501,1090,149,1164,295,Confirmed
70,22,pedestrian,0.6520880044280629,1417,112,1494,289,Confirmed
70,26,pedestrian,0.6853652859331612,1355,115,1430,271,Confirmed
70,30,pedestrian,0.6861895775152084,678,168,716,272,Confirmed
71,1,car,0.9251402020454407,0,226,286,364,Confirmed
71,5,car,0.792945146560669,446,172,481,199,Confirmed
71,11,pedestrian,0.5456007285435235,709,158,738,259,Confirmed
71,20,pedestrian,0.5387978384313525,1095,149,1169,295,Confirmed
71,22,pedestrian,0.6455671243837823,1428,112,1505,289,Confirmed
71,26,pedestrian,0.6785116330738296,1366,115,1441,270,Confirmed
71,30,pedestrian,0.6793276817400563,686,168,724,271,Confirmed
72,1,car,0.925382673740387,0,226,286,363,Confirmed
72,5,car,0.7906522154808044,446,172,481,199,Confirmed
72,11,pedestrian,0.5401447212580882,717,157,746,258,Confirmed
72,20,pedestrian,0.533409860047039,1100,149,1174,294,Confirmed
72,22,pedestrian,0.6391114531399444,1440,111,1516,288,Confirmed
72,26,pedestrian,0.6717265167430913,1377,114,1451,269,Confirmed
72,30,pedestrian,0.6725344049226557,694,168,731,271,Confirmed
73,1,car,0.9248741865158081,0,226,286,363,Confirmed
73,5,car,0.7834006547927856,446,172,480,199,Confirmed
73,11,pedestrian,0.5347432740455074,724,157,753,258,Confirmed
73,20,pedestrian,0.5280757614465686,1105,149,1179,294,Confirmed
73,22,pedestrian,0.632720338608545,1451,111,1528,288,Confirmed
73,26,pedestrian,0.6650092515756604,1387,113,1462,269,Confirmed
73,30,pedestrian,0.6658090608734292,701,167,739,271,Confirmed
74,1,car,0.9246591925621033,0,226,286,363,Confirmed
74,5,car,0.7820224761962891,446,172,480,199,Confirmed
74,11,pedestrian,0.5293958413050522,732,156,761,257,Confirmed
74,20,pedestrian,0.522795003832103,1110,149,1184,294,Confirmed
74,22,pedestrian,0.6263931352224595,1462,110,1539,287,Confirmed
74,26,pedestrian,0.6583591590599037,1398,112,1473,268,Confirmed
74,30,pedestrian,0.6591509702646948,709,167,747,271,Confirmed
75,1,car,0.9260910749435425,0,226,286,363,Confirmed
75,5,car,0.7944875359535217,445,172,480,199,Confirmed
75,11,pedestrian,0.5241018828920017,739,156,768,257,Confirmed
75,20,pedestrian,0.517567053793782,1115,149,1189,294,Confirmed
75,22,pedestrian,0.620129203870235,1474,110,1551,286,Confirmed
75,26,pedestrian,0.6517755674693047,1409,111,1484,267,Confirmed
75,30,pedestrian,0.6525594605620478,717,167,755,271,Confirmed
76,1,car,0.9260033369064331,0,225,286,363,Confirmed
76,5,car,0.7957372665405273,445,172,479,199,Confirmed
76,11,pedestrian,0.5188608640630816,747,155,776,256,Confirmed
76,20,pedestrian,0.5123913832558442,1120,148,1194,294,Confirmed
76,22,pedestrian,0.6139279118315326,1485,109,1562,286,Confirmed
76,26,pedestrian,0.6452578117946116,1420,110,1495,266,Confirmed
76,30,pedestrian,0.6460338659564273,725,167,763,270,Confirmed
77,1,car,0.925447404384613,0,225,286,363,Confirmed
77,5,car,0.7964566349983215,445,173,479,199,Confirmed
77,11,pedestrian,0.5136722554224508,754,154,783,256,Confirmed
77,20,pedestrian,0.5072674694232857,1125,148,1199,294,Confirmed
77,22,pedestrian,0.6077886327132173,1497,109,1573,285,Confirmed
77,26,pedestrian,0.6388052336766655,1431,109,1505,265,Confirmed
77,30,pedestrian,0.639573527296863,733,167,770,270,Confirmed
78,1,car,0.9271823167800903,0,226,286,364,Confirmed
78,5,car,0.8070377707481384,444,173,479,199,Confirmed
78,11,pedestrian,0.5085355328682263,762,154,791,255,Confirmed
78,20,pedestrian,0.5021947947290528,1130,148,1204,294,Confirmed
78,22,pedestrian,0.6017107463860851,1508,108,1585,285,Confirmed
78,26,pedestrian,0.6324171813398989,1441,108,1516,264,Confirmed
78,30,pedestrian,0.6331777920238943,741,166,778,270,Confirmed
79,1,car,0.9269087910652161,0,226,286,364,Confirmed
79,5,car,0.8111258149147034,444,173,479,199,Confirmed
79,11,pedestrian,0.503450177539544,770,153,799,254,Confirmed
79,22,pedestrian,0.5956936389222243,1519,107,1596,284,Confirmed
79,26,pedestrian,0.6260930095264999,1452,108,1527,263,Confirmed
79,30,pedestrian,0.6268460141036554,748,166,786,270,Confirmed
80,1,car,0.924795389175415,0,226,286,364,Confirmed
80,5,car,0.8161443471908569,443,173,478,199,Confirmed
80,22,pedestrian,0.589736702533002,1531,107,1608,284,Confirmed
80,26,pedestrian,0.619832079431235,1463,107,1538,262,Confirmed
80,30,pedestrian,0.6205775539626188,756,166,794,270,Confirmed
81,1,car,0.9250891208648682,0,226,287,364,Confirmed
81,5,car,0.8169378042221069,443,173,478,199,Confirmed
81,22,pedestrian,0.583839335507672,1542,106,1619,283,Confirmed
81,26,pedestrian,0.6136337586369226,1474,106,1549,261,Confirmed
81,30,pedestrian,0.6143717784229926,764,166,802,269,Confirmed
82,1,car,0.9260228872299194,0,226,287,364,Confirmed
82,5,car,0.8083911538124084,442,173,478,200,Confirmed
82,22,pedestrian,0.5780009421525952,1554,106,1630,283,Confirmed
82,26,pedestrian,0.6074974210505534,1485,105,1559,261,Confirmed
82,30,pedestrian,0.6082280606387627,772,166,810,269,Confirmed
83,1,car,0.9258209466934204,0,226,287,364,Confirmed
83,5,car,0.8033749461174011,442,173,478,200,Confirmed
83,22,pedestrian,0.5722209327310692,1565,105,1642,282,Confirmed
83,26,pedestrian,0.6014224468400479,1496,104,1570,260,Confirmed
83,30,pedestrian,0.6021457800323751,780,165,817,269,Confirmed
84,1,car,0.9257311224937439,0,226,287,364,Confirmed
84,5,car,0.8023166656494141,441,173,477,200,Confirmed
84,22,pedestrian,0.5664987234037585,1576,105,1653,282,Confirmed
84,26,pedestrian,0.5954082223716474,1506,103,1581,259,Confirmed
84,30,pedestrian,0.5961243222320514,788,165,825,269,Confirmed
85,1,car,0.9255954623222351,0,226,287,364,Confirmed
85,5,car,0.8075756430625916,441,173,477,201,Confirmed
85,22,pedestrian,0.5608337361697209,1588,104,1665,281,Confirmed
85,26,pedestrian,0.5894541401479308,1517,102,1592,258,Confirmed
85,30,pedestrian,0.5901630790097309,795,165,833,268,Confirmed
86,1,car,0.9260353446006775,0,227,287,364,Confirmed
86,5,car,0.7824082970619202,440,173,477,201,Confirmed
86,22,pedestrian,0.5552253988080237,1599,104,1676,280,Confirmed
86,26,pedestrian,0.5835595987464516,1528,101,1603,257,Confirmed
86,30,pedestrian,0.5842614482196336,803,165,841,268,Confirmed
87,1,car,0.925640344619751,0,227,287,364,Confirmed
87,5,car,0.7607436776161194,440,173,477,201,Confirmed
87,22,pedestrian,0.5496731448199434,1611,103,1687,280,Confirmed
87,26,pedestrian,0.577724002758987,1539,101,1613,256,Confirmed
87,30,pedestrian,0.5784188337374372,811,164,849,268,Confirmed
88,1,car,0.9243848919868469,0,227,287,363,Confirmed
88,5,car,0.7852139472961426,439,173,476,202,Confirmed
88,22,pedestrian,0.544176413371744,1622,103,1699,279,Confirmed
88,26,pedestrian,0.5719467627313972,1550,100,1624,255,Confirmed
88,30,pedestrian,0.5726346454000628,819,164,857,268,Confirmed
89,1,car,0.9235986471176147,0,226,287,363,Confirmed
89,5,car,0.8073261380195618,438,173,476,202,Confirmed
89,22,pedestrian,0.5387346492380266,1633,102,1710,279,Confirmed
89,26,pedestrian,0.5662272951040832,1560,99,1635,254,Confirmed
89,30,pedestrian,0.5669082989460622,827,164,864,268,Confirmed
90,1,car,0.9265502691268921,0,226,287,363,Confirmed
90,5,car,0.8034648299217224,438,173,476,202,Confirmed
90,22,pedestrian,0.5333473027456463,1645,101,1722,278,Confirmed
90,26,pedestrian,0.5605650221530424,1571,98,1646,254,Confirmed
90,30,pedestrian,0.5612392159566015,834,164,872,267,Confirmed
91,1,car,0.925607442855835,0,226,287,363,Confirmed
91,5,car,0.8074677586555481,438,173,477,203,Confirmed
91,22,pedestrian,0.5280138297181899,1656,101,1733,278,Confirmed
91,26,pedestrian,0.5549593719315119,1582,97,1657,253,Confirmed
91,30,pedestrian,0.5556268237970355,842,164,880,267,Confirmed
91,34,pedestrian,0.6860568523406982,870,168,913,268,New
92,1,car,0.9252615571022034,0,226,287,363,Confirmed
92,5,car,0.821033239364624,438,173,477,203,Confirmed
92,22,pedestrian,0.522733691421008,1668,100,1744,277,Confirmed
92,26,pedestrian,0.5494097782121968,1593,96,1668,252,Confirmed
92,30,pedestrian,0.5500705555590651,850,163,888,267,Confirmed
92,34,pedestrian,0.778901994228363,874,168,916,268,New
93,1,car,0.92572420835495,0,226,287,363,Confirmed
93,5,car,0.8229250311851501,438,173,478,204,Confirmed
93,22,pedestrian,0.5175063545067979,1679,100,1756,277,Confirmed
93,26,pedestrian,0.5439156804300749,1604,95,1678,251,Confirmed
93,30,pedestrian,0.5445698500034745,858,163,896,267,Confirmed
94,1,car,0.9259418249130249,0,226,287,364,Confirmed
94,5,car,0.8274505734443665,439,173,479,204,Confirmed
94,11,pedestrian,0.6336398124694824,883,163,916,264,Confirmed
94,22,pedestrian,0.5123312909617299,1690,99,1767,276,Confirmed
94,26,pedestrian,0.5384765236257741,1614,94,1689,250,Confirmed
94,35,pedestrian,0.6667903661727905,905,167,939,268,New
95,1,car,0.9251636862754822,0,226,287,364,Confirmed
95,5,car,0.8331212401390076,439,173,479,204,Confirmed
95,11,pedestrian,0.6273034143447876,890,164,924,265,Confirmed
95,22,pedestrian,0.5072079780521126,1702,99,1779,276,Confirmed
95,26,pedestrian,0.5330917583895164,1625,93,1700,249,Confirmed
95,35,pedestrian,0.7043483257293701,906,166,952,267,New
96,1,car,0.9264353513717651,0,226,287,364,Confirmed
96,5,car,0.8332803249359131,440,173,480,205,Confirmed
96,11,pedestrian,0.5163012146949768,902,160,933,252,Confirmed
96,22,pedestrian,0.5021358982715914,1713,98,1790,275,Confirmed
96,26,pedestrian,0.5277608408056212,1636,93,1711,248,Confirmed
96,35,pedestrian,0.7590304017066956,916,166,965,267,New
97,1,car,0.9263832569122314,0,226,287,364,Confirmed
97,5,car,0.8251922130584717,440,173,481,205,Confirmed
97,11,pedestrian,0.6758175492286682,912,160,950,256,Confirmed
97,26,pedestrian,0.522483232397565,1647,92,1722,247,Confirmed
98,1,car,0.9251916408538818,0,226,287,364,Confirmed
98,5,car,0.8105443716049194,441,173,483,205,Confirmed
98,11,pedestrian,0.6504754424095154,918,160,956,258,Confirmed
98,26,pedestrian,0.5172584000735894,1658,91,1732,247,Confirmed
98,36,pedestrian,0.6576550006866455,939,162,970,264,New
99,1,car,0.9265213012695312,0,227,287,364,Confirmed
99,5,car,0.8138860464096069,441,172,484,206,Confirmed
99,11,pedestrian,0.6048672199249268,923,160,960,258,Confirmed
99,26,pedestrian,0.5120858160728534,1668,90,1743,246,Confirmed
99,37,pedestrian,0.6838909387588501,947,161,980,263,New
100,1,car,0.9260033369064331,0,227,287,364,Confirmed
100,5,car,0.8213109970092773,442,172,486,206,Confirmed
100,11,pedestrian,0.713005006313324,929,159,966,257,Confirmed
100,26,pedestrian,0.5069649579121249,1679,89,1754,245,Confirmed
100,37,pedestrian,0.644247829914093,948,160,987,262,New
101,1,car,0.9262722730636597,0,227,287,364,Confirmed
101,5,car,0.8159915208816528,443,172,488,206,Confirmed
101,11,pedestrian,0.7058749562501907,936,159,973,257,Confirmed
101,26,pedestrian,0.5018953083330037,1690,88,1765,244,Confirmed
101,37,pedestrian,0.6582772135734558,955,160,999,260,New
102,1,car,0.9256167411804199,0,227,287,363,Confirmed
102,5,car,0.8148225545883179,443,172,491,207,Confirmed
102,11,pedestrian,0.589424192905426,947,158,983,257,Confirmed
102,37,pedestrian,0.7062145471572876,964,159,1007,258,Confirmed
103,1,car,0.9249735474586487,0,227,287,363,Confirmed
103,5,car,0.8208872079849243,444,173,493,207,Confirmed
103,11,pedestrian,0.7621691226959229,956,157,992,256,Confirmed
103,37,pedestrian,0.6737780570983887,977,159,1016,258,Confirmed
104,1,car,0.9256332516670227,0,226,287,363,Confirmed
104,5,car,0.8338311314582825,445,173,497,207,Confirmed
104,11,pedestrian,0.707381010055542,963,158,998,256,Confirmed
104,37,pedestrian,0.7282090187072754,986,158,1022,258,Confirmed
105,1,car,0.9255273938179016,0,226,287,363,Confirmed
105,5,car,0.8529416918754578,446,172,499,208,Confirmed
105,11,pedestrian,0.5868356227874756,970,158,1006,256,Confirmed
105,37,pedestrian,0.6805561184883118,991,157,1026,257,Confirmed
106,1,car,0.9257814884185791,0,226,287,363,Confirmed
106,5,car,0.8332637548446655,448,172,503,208,Confirmed
106,11,pedestrian,0.5809672665596008,978,158,1013,255,Confirmed
106,37,pedestrian,0.6737505573034287,999,156,1033,257,Confirmed
107,1,car,0.9270407557487488,0,226,287,364,Confirmed
107,5,car,0.8743878602981567,450,172,507,208,Confirmed
107,11,pedestrian,0.6775263547897339,987,155,1020,253,Confirmed
107,37,pedestrian,0.6670130517303944,1007,155,1041,256,Confirmed
108,1,car,0.9264397621154785,0,226,287,364,Confirmed
108,5,car,0.8872182965278625,452,172,512,208,Confirmed
108,11,pedestrian,0.6707510912418365,995,154,1028,253,Confirmed
108,37,pedestrian,0.6603429212130905,1015,155,1049,255,Confirmed
109,1,car,0.9276143908500671,0,226,287,363,Confirmed
109,5,car,0.8717105388641357,454,171,516,209,Confirmed
109,11,pedestrian,0.6640435803294181,1003,153,1036,252,Confirmed
109,37,pedestrian,0.6537394920009596,1023,154,1057,254,Confirmed
109,38,pedestrian,0.6316640377044678,1036,156,1077,253,New
110,1,car,0.9275890588760376,0,226,287,363,Confirmed
110,5,car,0.8519662618637085,456,171,521,209,Confirmed
110,11,pedestrian,0.6574031445261239,1011,153,1044,252,Confirmed
110,37,pedestrian,0.64720209708095,1031,153,1065,254,Confirmed
111,1,car,0.9259834289550781,0,226,287,364,Confirmed
111,5,car,0.870364248752594,460,171,527,209,Confirmed
111,11,pedestrian,0.6508291130808627,1019,152,1051,251,Confirmed
111,37,pedestrian,0.7060608267784119,1038,153,1078,249,Confirmed
112,1,car,0.9263424277305603,0,226,287,363,Confirmed
112,5,car,0.8733848333358765,463,171,533,210,Confirmed
112,11,pedestrian,0.6301897168159485,1030,149,1059,247,Confirmed
112,37,pedestrian,0.7320373058319092,1047,153,1085,249,Confirmed
113,1,car,0.9280432462692261,0,226,287,364,Confirmed
113,5,car,0.8810054659843445,466,171,540,210,Confirmed
113,11,pedestrian,0.7514702081680298,1037,149,1066,248,Confirmed
113,37,pedestrian,0.7602721452713013,1055,153,1093,250,Confirmed
114,1,car,0.9257819056510925,0,226,287,364,Confirmed
114,5,car,0.8679054379463196,471,171,547,210,Confirmed
114,11,pedestrian,0.734378457069397,1042,149,1072,247,Confirmed
114,37,pedestrian,0.7875601053237915,1065,153,1103,250,Confirmed
115,1,car,0.9280208945274353,0,226,287,364,Confirmed
115,5,car,0.8702366352081299,475,171,554,211,Confirmed
115,11,pedestrian,0.7997234463691711,1045,149,1077,247,Confirmed
115,37,pedestrian,0.7720006704330444,1071,152,1113,249,Confirmed
116,1,car,0.9279916286468506,0,226,287,364,Confirmed
116,5,car,0.8909878730773926,480,171,562,211,Confirmed
116,11,pedestrian,0.7478078603744507,1051,148,1084,246,Confirmed
116,37,pedestrian,0.8004107475280762,1078,151,1120,248,Confirmed
117,1,car,0.9264452457427979,0,226,287,364,Confirmed
117,5,car,0.8729302883148193,485,171,571,211,Confirmed
117,11,pedestrian,0.7734310626983643,1057,147,1091,245,Confirmed
117,37,pedestrian,0.7420773506164551,1085,150,1126,247,Confirmed
118,1,car,0.9248978495597839,0,226,287,364,Confirmed
118,5,car,0.8692541122436523,490,170,580,212,Confirmed
118,11,pedestrian,0.760465145111084,1064,147,1099,245,Confirmed
118,37,pedestrian,0.6890078783035278,1094,149,1134,246,Confirmed
119,1,car,0.9248546361923218,0,226,287,364,Confirmed
119,5,car,0.8612979650497437,496,170,590,212,Confirmed
119,11,pedestrian,0.7777280807495117,1070,146,1106,244,Confirmed
119,37,pedestrian,0.716789960861206,1102,148,1145,245,Confirmed
120,1,car,0.9241529107093811,0,226,287,364,Confirmed
120,5,car,0.8818753361701965,503,170,601,213,Confirmed
120,11,pedestrian,0.7711159586906433,1076,146,1113,244,Confirmed
120,37,pedestrian,0.7911728620529175,1108,148,1154,245,Confirmed
121,1,car,0.9255298972129822,0,227,287,364,Confirmed
121,5,car,0.8531076908111572,511,170,612,213,Confirmed
121,11,pedestrian,0.8325944542884827,1081,146,1121,243,Confirmed
121,37,pedestrian,0.7847618460655212,1114,147,1160,243,Confirmed
122,1,car,0.9247643947601318,0,227,287,364,Confirmed
122,5,car,0.8751974105834961,518,170,621,213,Confirmed
122,11,pedestrian,0.7715187668800354,1089,144,1130,242,Confirmed
122,37,pedestrian,0.7223024964332581,1122,147,1167,242,Confirmed
123,1,car,0.9235931634902954,0,227,287,364,Confirmed
123,5,car,0.8667775988578796,525,170,626,214,Confirmed
123,11,pedestrian,0.7425200343132019,1096,143,1137,240,Confirmed
123,37,pedestrian,0.7865087985992432,1129,147,1174,242,Confirmed
124,1,car,0.9243797063827515,0,227,287,363,Confirmed
124,5,car,0.8727940917015076,531,170,629,214,Confirmed
124,11,pedestrian,0.7547222375869751,1104,143,1144,240,Confirmed
124,37,pedestrian,0.7609514594078064,1137,147,1181,242,Confirmed
125,1,car,0.923634946346283,0,227,287,363,Confirmed
125,5,car,0.8386910557746887,539,169,631,214,Confirmed
125,11,pedestrian,0.7767254114151001,1111,143,1151,239,Confirmed
125,37,pedestrian,0.8063296675682068,1144,147,1188,241,Confirmed
126,1,car,0.9237226247787476,0,227,287,363,Confirmed
126,5,car,0.8353554010391235,548,170,633,214,Confirmed
126,11,pedestrian,0.7901484370231628,1117,143,1158,239,Confirmed
126,37,pedestrian,0.7199456691741943,1152,146,1194,240,Confirmed
127,1,car,0.9247211813926697,0,227,287,363,Confirmed
127,5,car,0.8270018470287323,554,169,639,214,Confirmed
127,11,pedestrian,0.8050220012664795,1124,142,1165,238,Confirmed
127,37,pedestrian,0.7567781209945679,1159,143,1200,238,Confirmed
128,1,car,0.9244649410247803,0,227,287,363,Confirmed
128,5,car,0.818731828558445,560,169,645,215,Confirmed
128,11,pedestrian,0.6913638114929199,1130,140,1170,235,Confirmed
128,37,pedestrian,0.5627590417861938,1166,142,1208,237,Confirmed
128,39,car,0.7773444056510925,582,173,619,214,New
129,1,car,0.9241907596588135,0,227,287,363,Confirmed
129,5,car,0.8105445102728605,566,169,651,215,Confirmed
129,11,pedestrian,0.7784473896026611,1137,139,1176,234,Confirmed
129,37,pedestrian,0.8529068231582642,1173,142,1217,237,Confirmed
130,1,car,0.9230297803878784,0,227,287,363,Confirmed
130,5,car,0.8024390651701319,572,169,657,215,Confirmed
130,11,pedestrian,0.775915265083313,1143,138,1183,234,Confirmed
130,37,pedestrian,0.7457079887390137,1176,141,1220,236,Confirmed
131,1,car,0.9242522716522217,0,227,287,363,Confirmed
131,5,car,0.7944146745184305,578,169,663,215,Confirmed
131,11,pedestrian,0.8080374002456665,1149,138,1190,233,Confirmed
131,37,pedestrian,0.7916931509971619,1182,141,1225,236,Confirmed
132,1,car,0.9237745404243469,0,227,287,363,Confirmed
132,5,car,0.7864705277732462,584,170,669,215,Confirmed
132,11,pedestrian,0.7877874970436096,1154,139,1197,233,Confirmed
132,37,pedestrian,0.7490456104278564,1189,140,1229,235,Confirmed
133,1,car,0.9230537414550781,0,227,287,363,Confirmed
133,5,car,0.7786058224955138,590,170,675,215,Confirmed
133,11,pedestrian,0.7765533328056335,1161,138,1204,233,Confirmed
133,37,pedestrian,0.7415551543235779,1196,139,1235,234,Confirmed
134,1,car,0.9232024550437927,0,227,287,363,Confirmed
134,5,car,0.7708197642705586,596,170,681,215,Confirmed
134,11,pedestrian,0.7254608273506165,1168,137,1210,232,Confirmed
134,37,pedestrian,0.7341396027803421,1202,138,1241,233,Confirmed
135,1,car,0.9237022995948792,0,227,287,363,Confirmed
135,5,car,0.7631115666278531,602,170,687,215,Confirmed
135,11,pedestrian,0.7092971801757812,1174,136,1216,231,Confirmed
135,37,pedestrian,0.7267982067525386,1208,137,1247,233,Confirmed
136,1,car,0.9222207069396973,0,227,287,363,Confirmed
136,5,car,0.7554804509615746,608,170,693,215,Confirmed
136,11,pedestrian,0.7748793959617615,1180,136,1221,231,Confirmed
136,37,pedestrian,0.7195302246850132,1214,137,1254,232,Confirmed
137,1,car,0.9240419268608093,0,227,287,363,Confirmed
137,5,car,0.7479256464519588,614,170,699,215,Confirmed
137,11,pedestrian,0.7724769711494446,1186,137,1226,232,Confirmed
137,37,pedestrian,0.712334922438163,1221,136,1260,231,Confirmed
138,1,car,0.9231014847755432,0,227,287,363,Confirmed
138,5,car,0.7404463899874392,620,170,705,215,Confirmed
138,11,pedestrian,0.7353411912918091,1191,136,1228,230,Confirmed
138,37,pedestrian,0.7052115732137814,1227,135,1266,230,Confirmed
139,1,car,0.9244531393051147,0,227,287,363,Confirmed
139,5,car,0.7330419260875648,626,170,711,215,Confirmed
139,11,pedestrian,0.7253543138504028,1195,135,1229,229,Confirmed
139,37,pedestrian,0.6981594574816435,1233,134,1272,229,Confirmed
140,1,car,0.924208402633667,0,227,287,363,Confirmed
140,5,car,0.7257115068266892,632,170,718,215,Confirmed
140,11,pedestrian,0.7656086087226868,1199,135,1230,229,Confirmed
140,37,pedestrian,0.6911778629068271,1239,134,1278,229,Confirmed
140,40,car,0.771061897277832,870,178,906,213,New
141,1,car,0.9221649169921875,0,227,287,363,Confirmed
141,5,car,0.7184543917584223,638,170,724,215,Confirmed
141,11,pedestrian,0.7579525226354599,1203,134,1234,228,Confirmed
141,37,pedestrian,0.6842660842777588,1245,133,1285,228,Confirmed
142,1,car,0.9236311316490173,0,227,287,363,Confirmed
142,5,car,0.711269847840838,645,170,730,215,Confirmed
142,11,pedestrian,0.7503729974091052,1208,134,1238,227,Confirmed
142,37,pedestrian,0.6774234234349812,1252,132,1291,227,Confirmed
142,42,car,0.8619371652603149,870,167,943,211,New
142,43,pedestrian,0.5230801701545715,1209,154,1223,230,New
143,1,car,0.9244977831840515,0,227,287,363,Confirmed
143,5,car,0.7041571493624297,651,170,736,215,Confirmed
143,11,pedestrian,0.7428692674350141,1213,133,1242,227,Confirmed
143,37,pedestrian,0.6706491892006313,1258,131,1297,226,Confirmed
143,42,car,0.8594590425491333,873,164,958,210,New
144,1,car,0.9234990477561951,0,227,287,363,Confirmed
144,5,car,0.6971155778688054,657,170,742,216,Confirmed
144,11,pedestrian,0.7354405747606639,1217,133,1247,226,Confirmed
144,37,pedestrian,0.663942697308625,1264,131,1303,226,Confirmed
144,42,car,0.8709338307380676,877,163,973,210,New
145,1,car,0.923896312713623,0,227,287,363,Confirmed
145,5,car,0.6901444220901174,663,170,748,216,Confirmed
145,11,pedestrian,0.7280861690130573,1222,132,1251,226,Confirmed
145,37,pedestrian,0.6573032703355387,1270,130,1310,225,Confirmed
145,42,car,0.822256863117218,880,162,987,209,Confirmed
146,1,car,0.9240124225616455,0,227,287,363,Confirmed
146,5,car,0.6832429778692162,669,170,754,216,Confirmed
146,11,pedestrian,0.7208053073229268,1226,131,1256,225,Confirmed
146,37,pedestrian,0.6507302376321833,1276,129,1316,224,Confirmed
146,42,car,0.844235360622406,883,161,1002,209,Confirmed
147,1,car,0.924915611743927,0,227,287,363,Confirmed
147,5,car,0.676410548090524,675,170,760,216,Confirmed
147,11,pedestrian,0.7135972542496976,1231,131,1260,225,Confirmed
147,37,pedestrian,0.6442229352558615,1283,128,1322,223,Confirmed
147,42,car,0.7878308892250061,889,160,1014,208,Confirmed
148,1,car,0.9238102436065674,0,227,287,363,Confirmed
148,5,car,0.6696464426096188,681,170,766,216,Confirmed
148,11,pedestrian,0.7064612817072006,1235,130,1265,224,Confirmed
148,37,pedestrian,0.6377807059033028,1289,128,1328,223,Confirmed
148,42,car,0.8291915059089661,904,160,1039,208,Confirmed
149,1,car,0.9232085347175598,0,227,287,364,Confirmed
149,5,car,0.6629499781835226,687,171,772,216,Confirmed
149,11,pedestrian,0.6993966688901285,1240,130,1269,223,Confirmed
149,37,pedestrian,0.6314028988442698,1295,127,1334,222,Confirmed
149,42,car,0.8009721040725708,921,159,1064,208,Confirmed
150,1,car,0.9242191910743713,0,226,287,364,Confirmed
150,5,car,0.6563204784016874,693,171,778,216,Confirmed
150,11,pedestrian,0.6924027022012272,1244,129,1274,223,Confirmed
150,37,pedestrian,0.6250888698558271,1301,126,1341,221,Confirmed
150,42,car,0.7876759171485901,939,159,1088,208,Confirmed
151,1,car,0.9246899485588074,0,226,287,363,Confirmed
151,5,car,0.6497572736176705,699,171,784,216,Confirmed
151,11,pedestrian,0.685478675179215,1249,129,1278,222,Confirmed
151,37,pedestrian,0.6188379811572688,1307,125,1347,220,Confirmed
151,42,car,0.8356419205665588,958,158,1111,207,Confirmed
152,1,car,0.9229164123535156,0,226,287,363,Confirmed
152,5,car,0.6432597008814939,705,171,790,216,Confirmed
152,11,pedestrian,0.6786238884274228,1253,128,1283,222,Confirmed
152,37,pedestrian,0.6126496013456961,1314,125,1353,220,Confirmed
152,42,car,0.8182258009910583,980,158,1135,207,Confirmed
153,1,car,0.9241143465042114,0,226,287,363,Confirmed
153,5,car,0.6368271038726789,711,171,796,216,Confirmed
153,11,pedestrian,0.6718376495431486,1258,128,1287,221,Confirmed
153,37,pedestrian,0.6065231053322392,1320,124,1359,219,Confirmed
153,42,car,0.8545246720314026,999,158,1157,207,Confirmed
154,1,car,0.9237499237060547,0,226,287,364,Confirmed
154,5,car,0.6304588328339521,717,171,802,216,Confirmed
154,11,pedestrian,0.6651192730477171,1262,127,1292,221,Confirmed
154,37,pedestrian,0.6004578742789168,1326,123,1365,218,Confirmed
154,42,car,0.8248632550239563,1023,157,1180,206,Confirmed
155,1,car,0.9231590628623962,0,226,287,364,Confirmed
155,5,car,0.6241542445056125,723,171,808,216,Confirmed
155,11,pedestrian,0.6584680803172399,1267,126,1296,220,Confirmed
155,37,pedestrian,0.5944532955361277,1332,122,1372,217,Confirmed
155,42,car,0.8727816939353943,1041,156,1199,205,Confirmed
156,1,car,0.9233957529067993,0,226,287,364,Confirmed
156,5,car,0.6179127020605564,729,171,814,216,Confirmed
156,11,pedestrian,0.6518833995140675,1271,126,1301,219,Confirmed
156,37,pedestrian,0.5885087625807665,1338,122,1378,217,Confirmed
156,42,car,0.8827770352363586,1061,155,1221,204,Confirmed
157,1,car,0.923346221446991,0,226,287,364,Confirmed
157,5,car,0.6117335750399508,735,171,820,216,Confirmed
157,11,pedestrian,0.6453645655189268,1276,125,1305,219,Confirmed
157,37,pedestrian,0.5826236749549588,1345,121,1384,216,Confirmed
157,42,car,0.8686542510986328,1078,154,1235,203,Confirmed
158,1,car,0.9220532178878784,0,226,287,364,Confirmed
158,5,car,0.6056162392895513,741,171,827,216,Confirmed
158,11,pedestrian,0.6389109198637376,1280,125,1309,218,Confirmed
158,37,pedestrian,0.5767974382054092,1351,120,1390,215,Confirmed
158,42,car,0.8460051417350769,1094,153,1243,202,Confirmed
159,1,car,0.9227428436279297,0,226,287,364,Confirmed
159,5,car,0.5995600768966558,747,171,833,216,Confirmed
159,11,pedestrian,0.6325218106651003,1285,124,1314,218,Confirmed
159,37,pedestrian,0.5710294638233551,1357,119,1396,214,Confirmed
159,42,car,0.8421355485916138,1111,152,1248,201,Confirmed
160,1,car,0.9239151477813721,0,226,287,364,Confirmed
160,5,car,0.5935644761276893,754,171,839,216,Confirmed
160,11,pedestrian,0.6261965925584493,1289,124,1318,217,Confirmed
160,37,pedestrian,0.5653191691851215,1363,119,1403,214,Confirmed
160,42,car,0.8337141931056976,1127,152,1264,200,Confirmed
161,1,car,0.9229039549827576,0,226,287,363,Confirmed
161,5,car,0.5876288313664123,760,171,845,217,Confirmed
161,11,pedestrian,0.6199346266328648,1294,123,1323,217,Confirmed
161,37,pedestrian,0.5596659774932703,1369,118,1409,213,Confirmed
161,42,car,0.8253770511746407,1144,151,1280,200,Confirmed
161,44,car,0.7617560029029846,1166,152,1223,197,New
162,1,car,0.9230762720108032,0,226,287,363,Confirmed
162,5,car,0.5817525430527482,766,171,851,217,Confirmed
162,11,pedestrian,0.6137352803665361,1298,123,1327,216,Confirmed
162,37,pedestrian,0.5540693177183376,1376,117,1415,212,Confirmed
162,42,car,0.8171232806628943,1160,150,1296,199,Confirmed
163,1,car,0.9244869947433472,0,226,287,363,Confirmed
163,5,car,0.5759350176222207,772,171,857,217,Confirmed
163,11,pedestrian,0.6075979275628708,1303,122,1332,216,Confirmed
163,37,pedestrian,0.5485286245411541,1382,116,1421,211,Confirmed
163,42,car,0.8089520478562654,1176,149,1313,198,Confirmed
164,1,car,0.9248605370521545,0,226,287,363,Confirmed
164,5,car,0.5701756674459985,778,171,863,217,Confirmed
164,11,pedestrian,0.601521948287242,1307,121,1336,215,Confirmed
164,37,pedestrian,0.5430433382957426,1388,116,1427,211,Confirmed
164,42,car,0.8008625273777027,1192,148,1329,197,Confirmed
165,1,car,0.9237900972366333,0,226,287,363,Confirmed
165,5,car,0.5644739107715385,784,171,869,217,Confirmed
165,11,pedestrian,0.5955067288043696,1312,121,1341,214,Confirmed
165,37,pedestrian,0.5376129049127851,1394,115,1434,210,Confirmed
165,42,car,0.7928539021039257,1208,147,1345,196,Confirmed
166,1,car,0.9241740703582764,0,226,287,364,Confirmed
166,5,car,0.5588291716638232,790,172,875,217,Confirmed
166,11,pedestrian,0.5895516615163259,1316,120,1345,214,Confirmed
166,37,pedestrian,0.5322367758636573,1401,114,1440,209,Confirmed
166,42,car,0.7849253630828864,1225,146,1361,195,Confirmed
167,1,car,0.924298107624054,0,226,287,363,Confirmed
167,5,car,0.553240879947185,796,172,881,217,Confirmed
167,11,pedestrian,0.5836561449011626,1321,120,1350,213,Confirmed
167,37,pedestrian,0.5269144081050207,1407,113,1446,208,Confirmed
167,42,car,0.7770761094520575,1241,146,1377,195,Confirmed
168,1,car,0.9231473803520203,0,226,287,363,Confirmed
168,5,car,0.5477084711477131,802,172,887,217,Confirmed
168,11,pedestrian,0.5778195834521509,1325,119,1354,213,Confirmed
168,37,pedestrian,0.5216452640239705,1413,113,1452,208,Confirmed
168,42,car,0.7693053483575369,1257,145,1393,194,Confirmed
169,1,car,0.9243742823600769,0,226,287,364,Confirmed
169,5,car,0.542231386436236,808,172,893,217,Confirmed
169,11,pedestrian,0.5720413876176293,1329,119,1359,212,Confirmed
169,37,pedestrian,0.5164288113837308,1419,112,1458,207,Confirmed
169,42,car,0.7616122948739615,1273,144,1409,193,Confirmed
170,1,car,0.9251347780227661,0,226,287,363,Confirmed
170,5,car,0.5368090725718737,814,172,899,217,Confirmed
170,11,pedestrian,0.5663209737414531,1334,118,1363,212,Confirmed
170,37,pedestrian,0.5112645232698935,1425,111,1465,206,Confirmed
170,42,car,0.753996171925222,1289,143,1426,192,Confirmed
171,1,car,0.9248035550117493,0,226,287,364,Confirmed
171,5,car,0.531440981846155,820,172,905,217,Confirmed
171,11,pedestrian,0.5606577640040386,1338,117,1368,211,Confirmed
171,37,pedestrian,0.5061518780371945,1432,110,1471,205,Confirmed
171,42,car,0.7464562102059698,1305,142,1442,191,Confirmed
172,1,car,0.9240979552268982,0,226,287,363,Confirmed
172,5,car,0.5261265720276934,826,172,911,217,Confirmed
172,11,pedestrian,0.5550511863639982,1343,117,1372,211,Confirmed
172,37,pedestrian,0.5010903592568225,1438,110,1477,205,Confirmed
172,42,car,0.73899164810391,1322,141,1458,190,Confirmed
173,1,car,0.9243913888931274,0,226,287,364,Confirmed
173,5,car,0.5208653063074165,832,172,917,217,Confirmed
173,11,pedestrian,0.5495006745003582,1347,116,1377,210,Confirmed
173,42,car,0.7316017316228709,1338,141,1474,190,Confirmed
174,1,car,0.9244295954704285,0,226,287,364,Confirmed
174,5,car,0.5156566532443423,838,172,923,217,Confirmed
174,11,pedestrian,0.5440056677553546,1352,116,1381,209,Confirmed
174,42,car,0.7242857143066422,1354,140,1490,189,Confirmed
175,1,car,0.9246956706047058,0,226,287,364,Confirmed
175,5,car,0.5105000867118988,844,172,929,217,Confirmed
175,11,pedestrian,0.5385656110778011,1356,115,1386,209,Confirmed
175,42,car,0.7170428571635759,1370,139,1506,188,Confirmed
176,1,car,0.924635112285614,0,226,287,363,Confirmed
176,5,car,0.5053950858447799,850,172,936,217,Confirmed
176,11,pedestrian,0.5331799549670231,1361,115,1390,208,Confirmed
176,42,car,0.7098724285919401,1386,138,1523,187,Confirmed
177,1,car,0.9239792227745056,0,226,287,364,Confirmed
177,5,car,0.500341134986332,856,172,942,217,Confirmed
177,11,pedestrian,0.5278481554173529,1365,114,1395,208,Confirmed
177,42,car,0.7027737043060207,1402,137,1539,186,Confirmed
178,1,car,0.9243742227554321,0,226,287,363,Confirmed
178,11,pedestrian,0.5225696738631793,1370,114,1399,207,Confirmed
178,42,car,0.6957459672629605,1418,136,1555,185,Confirmed
179,1,car,0.9237987399101257,0,226,287,363,Confirmed
179,11,pedestrian,0.5173439771245475,1374,113,1404,207,Confirmed
179,42,car,0.6887885075903308,1435,136,1571,184,Confirmed
180,1,car,0.9243617653846741,0,226,287,363,Confirmed
180,11,pedestrian,0.512170537353302,1379,112,1408,206,Confirmed
180,42,car,0.6819006225144275,1451,135,1587,184,Confirmed
181,1,car,0.9242384433746338,0,226,287,363,Confirmed
181,11,pedestrian,0.5070488319797689,1383,112,1413,205,Confirmed
181,42,car,0.6750816162892832,1467,134,1603,183,Confirmed
182,1,car,0.9230530261993408,0,226,287,364,Confirmed
182,11,pedestrian,0.5019783436599712,1388,111,1417,205,Confirmed
182,42,car,0.6683308001263903,1483,133,1620,182,Confirmed
183,1,car,0.9239156246185303,0,226,287,363,Confirmed
183,42,car,0.6616474921251264,1499,132,1636,181,Confirmed
184,1,car,0.9234142303466797,0,226,287,364,Confirmed
184,42,car,0.6550310172038751,1515,131,1652,180,Confirmed
185,1,car,0.9246801733970642,0,226,287,364,Confirmed
185,42,car,0.6484807070318364,1532,131,1668,179,Confirmed
186,1,car,0.9250714182853699,0,226,287,363,Confirmed
186,42,car,0.641995899961518,1548,130,1684,179,Confirmed
187,1,car,0.9243619441986084,0,226,287,364,Confirmed
187,42,car,0.6355759409619027,1564,129,1700,178,Confirmed
187,46,car,0.6080943942070007,480,169,510,187,New
188,1,car,0.9246463179588318,0,226,287,363,Confirmed
188,42,car,0.6292201815522837,1580,128,1716,177,Confirmed
188,47,car,0.6872546076774597,475,168,502,188,New
189,1,car,0.9255868792533875,0,226,287,363,Confirmed
189,42,car,0.6229279797367608,1596,127,1733,176,Confirmed
189,47,car,0.7340456247329712,472,168,500,188,New
190,1,car,0.9238675236701965,0,226,287,364,Confirmed
190,42,car,0.6166986999393932,1612,126,1749,175,Confirmed
190,47,car,0.7129846811294556,467,168,495,188,New
191,1,car,0.9244547486305237,0,226,287,363,Confirmed
191,42,car,0.6105317129399993,1629,126,1765,174,Confirmed
191,47,car,0.710326075553894,463,169,491,189,Confirmed
192,1,car,0.9262179732322693,0,226,287,364,Confirmed
192,42,car,0.6044263958105993,1645,125,1781,174,Confirmed
192,47,car,0.7294384241104126,459,169,488,190,Confirmed
193,1,car,0.924788236618042,0,226,287,363,Confirmed
193,42,car,0.5983821318524933,1661,124,1797,173,Confirmed
193,47,car,0.731205940246582,456,169,485,190,Confirmed
194,1,car,0.925792932510376,0,226,287,364,Confirmed
194,42,car,0.5923983105339684,1677,123,1813,172,Confirmed
194,47,car,0.7215485572814941,452,169,482,191,Confirmed
195,1,car,0.9242420196533203,0,226,287,363,Confirmed
195,42,car,0.5864743274286287,1693,122,1830,171,Confirmed
195,47,car,0.7144609093666077,450,169,481,192,Confirmed
196,1,car,0.9253591895103455,0,226,287,363,Confirmed
196,42,car,0.5806095841543424,1709,121,1846,170,Confirmed
196,47,car,0.6972827315330505,448,169,480,192,Confirmed
197,1,car,0.9260560274124146,0,226,287,364,Confirmed
197,42,car,0.5748034883127989,1725,121,1862,169,Confirmed
197,47,car,0.7053850293159485,446,170,478,193,Confirmed
198,1,car,0.925849974155426,0,226,287,363,Confirmed
198,42,car,0.5690554534296709,1742,120,1878,169,Confirmed
198,47,car,0.7434854507446289,445,170,477,195,Confirmed
199,1,car,0.926240086555481,0,226,287,364,Confirmed
199,42,car,0.5633648988953742,1758,119,1894,168,Confirmed
199,47,car,0.7688328623771667,443,171,475,195,Confirmed
200,1,car,0.9271140694618225,0,226,287,364,Confirmed
200,42,car,0.5577312499064204,1774,118,1910,167,Confirmed
200,47,car,0.7600648999214172,441,171,473,196,Confirmed
201,1,car,0.925311267375946,0,226,287,363,Confirmed
201,42,car,0.5521539374073562,1790,117,1927,166,Confirmed
201,47,car,0.8005919456481934,438,172,471,197,Confirmed
202,1,car,0.9267148375511169,0,226,287,364,Confirmed
202,42,car,0.5466323980332827,1806,116,1943,165,Confirmed
202,47,car,0.8126656413078308,436,172,470,198,Confirmed
203,1,car,0.9251061081886292,0,226,287,363,Confirmed
203,42,car,0.5411660740529498,1822,115,1959,164,Confirmed
203,47,car,0.781282901763916,434,172,468,199,Confirmed
204,1,car,0.9263792634010315,0,226,287,364,Confirmed
204,42,car,0.5357544133124204,1839,115,1975,164,Confirmed
204,47,car,0.7761721014976501,432,173,466,199,Confirmed
205,1,car,0.9257774949073792,0,226,287,364,Confirmed
205,42,car,0.5303968691792962,1855,114,1991,163,Confirmed
205,47,car,0.7658455967903137,430,173,465,200,Confirmed
206,1,car,0.9258924722671509,0,226,287,363,Confirmed
206,42,car,0.5250929004875032,1871,113,2007,162,Confirmed
206,47,car,0.7711970210075378,429,173,465,201,Confirmed
207,1,car,0.9258328676223755,0,226,287,364,Confirmed
207,42,car,0.5198419714826282,1887,112,2024,161,Confirmed
207,47,car,0.7879641652107239,427,174,464,202,Confirmed
208,1,car,0.9252071380615234,0,226,287,363,Confirmed
208,42,car,0.514643551767802,1903,111,2040,160,Confirmed
208,47,car,0.7878571152687073,426,174,463,203,Confirmed
209,1,car,0.9246394038200378,0,226,287,364,Confirmed
209,42,car,0.509497116250124,1919,110,2056,159,Confirmed
209,47,car,0.814192533493042,425,174,463,204,Confirmed
209,48,car,0.58953857421875,400,170,433,193,New
210,1,car,0.9267958402633667,0,226,287,364,Confirmed
210,42,car,0.5044021450876227,1936,110,2072,159,Confirmed
210,47,car,0.8160462975502014,426,174,465,205,Confirmed
210,49,car,0.6713912487030029,398,171,431,193,New
211,1,car,0.9258027672767639,0,226,287,363,Confirmed
211,47,car,0.8225648999214172,426,174,467,206,Confirmed
211,49,car,0.5643529891967773,403,170,430,192,New
211,50,car,0.5386249423027039,485,171,510,185,New
212,1,car,0.9253389239311218,0,226,287,364,Confirmed
212,47,car,0.81374591588974,427,174,470,206,Confirmed
212,49,car,0.6260536313056946,400,171,427,192,New
212,51,car,0.6426466107368469,482,171,508,187,New
213,1,car,0.9249085783958435,0,226,287,363,Confirmed
213,47,car,0.8225241303443909,430,174,475,207,Confirmed
213,49,car,0.5630455017089844,398,172,424,192,Confirmed
213,51,car,0.5243076086044312,476,171,501,187,New
214,1,car,0.9258901476860046,0,226,287,363,Confirmed
214,47,car,0.8373762369155884,432,173,481,207,Confirmed
214,49,car,0.7267435789108276,392,172,420,193,Confirmed
215,1,car,0.9250314831733704,0,226,287,364,Confirmed
215,47,car,0.8486970067024231,436,173,490,208,Confirmed
215,49,car,0.7416144609451294,386,172,417,194,Confirmed
216,1,car,0.925326943397522,0,226,287,363,Confirmed
216,47,car,0.8584716320037842,441,172,501,209,Confirmed
216,49,car,0.7264568209648132,381,172,414,194,Confirmed
217,1,car,0.9265387058258057,0,226,287,364,Confirmed
217,47,car,0.8590672612190247,448,172,514,209,Confirmed
217,49,car,0.7459818720817566,376,173,410,195,Confirmed
218,1,car,0.9253492951393127,0,226,287,363,Confirmed
218,47,car,0.8547369241714478,455,171,528,210,Confirmed
218,49,car,0.7809946537017822,371,173,407,196,Confirmed
219,1,car,0.9260485768318176,0,226,287,363,Confirmed
219,47,car,0.8735064268112183,465,171,546,210,Confirmed
219,49,car,0.7683550119400024,367,173,405,197,Confirmed
220,1,car,0.9275803565979004,0,226,287,364,Confirmed
220,47,car,0.8906710743904114,477,171,565,211,Confirmed
220,49,car,0.7320367693901062,363,173,403,197,Confirmed
220,52,car,0.6821744441986084,463,169,488,192,New
221,1,car,0.9257478713989258,0,226,287,363,Confirmed
221,47,car,0.8700962066650391,489,170,586,212,Confirmed
221,49,car,0.771618127822876,358,173,399,198,Confirmed
221,53,car,0.7683573961257935,461,170,487,192,New
222,1,car,0.9249652624130249,0,226,287,364,Confirmed
222,47,car,0.874901294708252,504,170,608,212,Confirmed
222,49,car,0.7679692506790161,354,173,396,199,Confirmed
222,53,car,0.7193911671638489,459,170,485,192,New
223,1,car,0.924683153629303,0,226,287,364,Confirmed
223,47,car,0.8623446226119995,518,170,623,212,Confirmed
223,49,car,0.77433842420578,350,173,393,200,Confirmed
223,53,car,0.7259080410003662,457,171,485,192,New
224,1,car,0.924883246421814,0,226,287,363,Confirmed
224,47,car,0.8461133241653442,532,170,633,212,Confirmed
224,49,car,0.7974022030830383,345,173,389,201,Confirmed
224,53,car,0.7598569393157959,456,171,483,193,Confirmed
225,1,car,0.9238443374633789,0,226,287,364,Confirmed
225,47,car,0.8376521909236908,543,170,647,213,Confirmed
225,49,car,0.8016801476478577,341,174,385,202,Confirmed
225,53,car,0.7864428162574768,454,172,481,193,Confirmed
226,1,car,0.9259790182113647,0,226,287,363,Confirmed
226,47,car,0.8292756690144539,553,169,661,213,Confirmed
226,49,car,0.8006610870361328,336,173,382,203,Confirmed
226,53,car,0.7396529316902161,452,173,480,193,Confirmed
226,55,car,0.7404100894927979,593,171,619,212,New
227,1,car,0.9247032403945923,0,226,287,364,Confirmed
227,47,car,0.8209829123243094,566,169,673,213,Confirmed
227,49,car,0.7893816232681274,331,173,378,204,Confirmed
227,53,car,0.6989450454711914,450,173,478,194,Confirmed
228,1,car,0.9255238771438599,0,226,287,363,Confirmed
228,47,car,0.8127730832010663,578,170,685,214,Confirmed
228,49,car,0.764437198638916,326,174,374,205,Confirmed
228,53,car,0.6578561663627625,448,173,476,195,Confirmed
229,1,car,0.9257256984710693,0,226,287,363,Confirmed
229,47,car,0.8046453523690557,590,170,698,214,Confirmed
229,49,car,0.8152467012405396,320,174,370,206,Confirmed
229,53,car,0.7489710450172424,446,173,475,195,Confirmed
230,1,car,0.926453173160553,0,226,287,363,Confirmed
230,47,car,0.796598898845365,603,170,710,214,Confirmed
230,49,car,0.7785270810127258,315,174,366,207,Confirmed
230,53,car,0.7585186958312988,445,173,474,196,Confirmed
231,1,car,0.9269288778305054,0,226,287,363,Confirmed
231,47,car,0.7886329098569114,615,170,722,214,Confirmed
231,49,car,0.8235378265380859,309,174,362,208,Confirmed
231,53,car,0.7713742256164551,443,173,473,197,Confirmed
232,1,car,0.9252979755401611,0,226,287,363,Confirmed
232,47,car,0.7807465807583422,627,170,734,214,Confirmed
232,49,car,0.794356644153595,305,174,358,209,Confirmed
232,53,car,0.781830906867981,442,173,472,197,Confirmed
233,1,car,0.9260345697402954,0,225,287,363,Confirmed
233,47,car,0.7729391149507588,639,170,747,214,Confirmed
233,49,car,0.7267125844955444,301,175,354,209,Confirmed
233,53,car,0.7925957441329956,440,173,471,198,Confirmed
233,56,car,0.7824254631996155,870,177,912,208,New
234,1,car,0.9266214966773987,0,225,287,363,Confirmed
234,47,car,0.7652097238012513,652,170,759,214,Confirmed
234,49,car,0.7811460494995117,296,175,349,211,Confirmed
234,53,car,0.7794017791748047,439,173,470,198,Confirmed
234,57,car,0.8216780424118042,870,167,941,207,New
235,1,car,0.9261242151260376,0,226,287,364,Confirmed
235,47,car,0.7575576265632388,664,170,771,214,Confirmed
235,49,car,0.5703055262565613,289,175,342,213,Confirmed
235,53,car,0.7609351873397827,437,173,469,199,Confirmed
235,57,car,0.8565961718559265,874,163,964,206,New
236,1,car,0.9250209331512451,0,226,287,364,Confirmed
236,47,car,0.7499820502976063,676,170,784,214,Confirmed
236,49,car,0.8042304515838623,278,176,335,214,Confirmed
236,53,car,0.7436350584030151,436,173,469,200,Confirmed
236,57,car,0.8342359066009521,880,160,982,204,New
237,1,car,0.9248454570770264,0,226,287,364,Confirmed
237,47,car,0.7424822297946303,689,171,796,214,Confirmed
237,49,car,0.7344079613685608,266,176,328,216,Confirmed
237,53,car,0.7169391512870789,436,173,469,200,Confirmed
237,57,car,0.8287555575370789,891,158,1004,203,Confirmed
238,1,car,0.9275455474853516,0,226,287,363,Confirmed
238,47,car,0.735057407496684,701,171,808,215,Confirmed
238,49,car,0.8132186532020569,255,176,321,218,Confirmed
238,53,car,0.7367730736732483,436,173,469,201,Confirmed
238,57,car,0.553621232509613,910,157,1034,202,Confirmed
239,1,car,0.9291993975639343,0,226,287,364,Confirmed
239,47,car,0.7277068334217172,713,171,821,215,Confirmed
239,49,car,0.8035262823104858,243,177,313,219,Confirmed
239,53,car,0.795964241027832,437,173,471,202,Confirmed
239,57,car,0.5480850201845169,926,153,1052,198,Confirmed
240,1,car,0.9293287396430969,0,226,287,364,Confirmed
240,47,car,0.7204297650875,726,171,833,215,Confirmed
240,49,car,0.8226932883262634,233,178,309,222,Confirmed
240,53,car,0.8256126642227173,438,173,472,203,Confirmed
240,57,car,0.5426041699826717,941,149,1070,194,Confirmed
241,1,car,0.9309313893318176,0,226,287,364,Confirmed
241,47,car,0.713225467436625,738,171,845,215,Confirmed
241,49,car,0.834064781665802,222,178,305,224,Confirmed
241,53,car,0.7988786697387695,439,173,475,203,Confirmed
241,57,car,0.537178128282845,958,145,1087,190,Confirmed
241,59,car,0.7535232305526733,994,159,1149,203,New
242,1,car,0.9303810596466064,0,226,287,364,Confirmed
242,47,car,0.7060932127622587,750,171,857,215,Confirmed
242,49,car,0.8093037605285645,210,179,303,226,Confirmed
242,53,car,0.8054032325744629,440,173,478,203,Confirmed
242,57,car,0.5318063470000165,975,141,1104,186,Confirmed
242,59,car,0.7120380997657776,1015,158,1176,203,New
243,1,car,0.9301505088806152,0,226,287,363,Confirmed
243,47,car,0.6990322806346361,762,171,870,215,Confirmed
243,49,car,0.8647268414497375,193,179,290,228,Confirmed
243,53,car,0.8071603775024414,443,173,482,204,Confirmed
243,57,car,0.5264882835300163,991,137,1121,182,Confirmed
243,59,car,0.794690728187561,1042,157,1207,202,New
244,1,car,0.9286068677902222,0,226,287,363,Confirmed
244,47,car,0.6920419578282897,775,171,882,215,Confirmed
244,49,car,0.8685030937194824,179,179,278,230,Confirmed
244,53,car,0.7828437685966492,445,172,488,204,Confirmed
244,57,car,0.5212234006947162,1008,133,1138,178,Confirmed
244,59,car,0.6732707023620605,1074,156,1231,201,Confirmed
245,1,car,0.9315274953842163,0,226,287,363,Confirmed
245,47,car,0.6851215382500068,787,171,894,215,Confirmed
245,49,car,0.6667506098747253,167,180,267,233,Confirmed
245,53,car,0.8082270622253418,449,172,494,204,Confirmed
245,57,car,0.516011166687769,1025,130,1154,175,Confirmed
245,59,car,0.7340978384017944,1095,152,1243,200,Confirmed
246,1,car,0.9304373264312744,0,226,287,363,Confirmed
246,47,car,0.6782703228675067,799,171,907,215,Confirmed
246,49,car,0.8693357110023499,144,180,252,237,Confirmed
246,53,car,0.8231786489486694,453,172,501,205,Confirmed
246,57,car,0.5108510550208913,1042,126,1171,171,Confirmed
246,59,car,0.6850066781044006,1120,151,1251,199,Confirmed
247,1,car,0.9321345686912537,0,226,287,363,Confirmed
247,47,car,0.6714876196388316,812,172,919,216,Confirmed
247,49,car,0.8591527938842773,121,181,237,241,Confirmed
247,53,car,0.8343639969825745,457,172,509,205,Confirmed
247,57,car,0.5057425444706825,1059,122,1188,167,Confirmed
247,59,car,0.8278812170028687,1140,151,1253,199,Confirmed
248,1,car,0.9330158233642578,0,226,287,363,Confirmed
248,47,car,0.6647727434424433,824,172,931,216,Confirmed
248,49,car,0.8516818284988403,96,181,222,245,Confirmed
248,53,car,0.8123764991760254,462,171,518,206,Confirmed
248,57,car,0.5006851190259757,1075,118,1205,163,Confirmed
248,59,car,0.81960240483284,1164,150,1271,198,Confirmed
249,1,car,0.9336553812026978,0,226,287,364,Confirmed
249,47,car,0.6581250160080189,836,172,943,216,Confirmed
249,49,car,0.8781143426895142,68,181,204,247,Confirmed
249,53,car,0.8381243944168091,469,171,529,206,Confirmed
249,59,car,0.8114063807845115,1188,149,1289,198,Confirmed
249,61,car,0.6567314863204956,1202,157,1223,193,New
250,1,car,0.9340070486068726,0,226,287,364,Confirmed
250,47,car,0.6515437658479387,848,172,956,216,Confirmed
250,49,car,0.7968106865882874,37,181,187,248,Confirmed
250,53,car,0.8497349619865417,476,171,540,206,Confirmed
250,59,car,0.8032923169766665,1209,148,1310,197,Confirmed
251,1,car,0.9329590201377869,0,226,287,363,Confirmed
251,47,car,0.6450283281894593,861,172,968,216,Confirmed
251,49,car,0.8408423066139221,8,181,165,250,Confirmed
251,53,car,0.8482809662818909,484,171,553,207,Confirmed
251,59,car,0.7952593938068998,1230,148,1331,196,Confirmed
252,1,car,0.9312352538108826,0,226,287,363,Confirmed
252,47,car,0.6385780449075648,873,172,980,216,Confirmed
252,49,car,0.8731023073196411,-9,181,150,250,Confirmed
252,53,car,0.8603999614715576,493,170,566,207,Confirmed
252,59,car,0.7873067998688308,1251,147,1352,195,Confirmed
253,1,car,0.9264764785766602,0,226,287,364,Confirmed
253,47,car,0.6321922644584891,885,172,993,216,Confirmed
253,49,car,0.850960373878479,-21,181,132,248,Confirmed
253,53,car,0.8508334159851074,504,170,580,208,Confirmed
253,59,car,0.7794337318701424,1272,146,1373,195,Confirmed
253,62,car,0.517876148223877,195,188,256,224,New
254,1,car,0.9279680252075195,0,226,287,364,Confirmed
254,47,car,0.6258703418139042,898,172,1005,216,Confirmed
254,49,car,0.8424507701396942,-41,181,117,249,Confirmed
254,53,car,0.8401702046394348,514,170,595,208,Confirmed
254,59,car,0.771639394551441,1293,145,1394,194,Confirmed
254,63,car,0.7390992641448975,0,186,88,232,New
255,1,car,0.9330588579177856,0,226,287,364,Confirmed
255,47,car,0.6196116383957652,910,172,1017,216,Confirmed
255,49,car,0.8340262624382973,-61,181,102,251,Confirmed
255,53,car,0.8400916457176208,526,170,611,209,Confirmed
255,59,car,0.7639230006059267,1314,144,1415,193,Confirmed
255,64,car,0.8005565404891968,0,188,50,229,New
256,1,car,0.932793378829956,0,226,287,364,Confirmed
256,47,car,0.6134155220118075,922,173,1030,216,Confirmed
256,49,car,0.8256859998139142,-79,181,84,251,Confirmed
256,53,car,0.8692701458930969,536,170,622,209,Confirmed
256,59,car,0.7562837705998674,1335,144,1436,192,Confirmed
257,1,car,0.922147810459137,0,226,287,364,Confirmed
257,47,car,0.6072813667916894,935,173,1042,217,Confirmed
257,49,car,0.817429139815775,-97,182,66,252,Confirmed
257,53,car,0.8724141716957092,547,170,629,209,Confirmed
257,59,car,0.7487209328938688,1355,143,1457,191,Confirmed
258,1,car,0.9238340258598328,0,226,287,363,Confirmed
258,47,car,0.6012085531237725,947,173,1054,217,Confirmed
258,49,car,0.8092548484176173,-115,183,48,253,Confirmed
258,53,car,0.8534117937088013,558,169,634,209,Confirmed
258,59,car,0.7412337235649301,1376,142,1478,191,Confirmed
259,1,car,0.925437331199646,0,226,287,363,Confirmed
259,47,car,0.5951964675925348,959,173,1066,217,Confirmed
259,49,car,0.8011622999334411,-133,183,30,253,Confirmed
259,53,car,0.8448776757717132,567,169,644,210,Confirmed
259,59,car,0.7338213863292808,1397,141,1499,190,Confirmed
260,1,car,0.9237817525863647,0,226,287,364,Confirmed
260,47,car,0.5892445029166093,971,173,1079,217,Confirmed
260,49,car,0.7931506769341067,-151,184,12,254,Confirmed
260,53,car,0.8364288990139961,576,169,655,210,Confirmed
260,59,car,0.726483172465988,1418,140,1520,189,Confirmed
261,1,car,0.9237132668495178,0,226,287,364,Confirmed
261,47,car,0.5833520578874433,984,173,1091,217,Confirmed
261,49,car,0.7852191701647656,-169,185,-4,255,Confirmed
261,53,car,0.8280646100238561,585,169,664,210,Confirmed
261,59,car,0.7192183407413282,1439,140,1541,188,Confirmed
262,1,car,0.9234951734542847,0,226,287,364,Confirmed
262,47,car,0.5775185373085688,996,173,1103,217,Confirmed
262,49,car,0.777366978463118,-186,185,-22,255,Confirmed
262,53,car,0.8197839639236175,595,169,674,210,Confirmed
262,59,car,0.7120261573339149,1460,139,1562,187,Confirmed
263,1,car,0.9236217737197876,0,226,287,363,Confirmed
263,47,car,0.5717433519354831,1008,173,1116,217,Confirmed
263,49,car,0.7695933086784867,-204,186,-40,256,Confirmed
263,53,car,0.8115861242843814,604,169,683,210,Confirmed
263,59,car,0.7049058957605758,1481,138,1583,187,Confirmed
264,1,car,0.9253543019294739,0,226,287,363,Confirmed
264,47,car,0.5660259184161283,1021,173,1128,217,Confirmed
264,49,car,0.7618973755917019,-222,187,-58,256,Confirmed
264,53,car,0.8034702630415376,614,169,693,210,Confirmed
264,59,car,0.6978568368029701,1502,137,1604,186,Confirmed
265,1,car,0.9232207536697388,0,226,287,363,Confirmed
265,47,car,0.560365659231967,1033,173,1140,217,Confirmed
265,49,car,0.7542784018357849,-240,187,-76,257,Confirmed
265,53,car,0.7954355604111222,623,169,703,210,Confirmed
265,59,car,0.6908782684349404,1523,136,1625,185,Confirmed
266,1,car,0.9249701499938965,0,226,287,364,Confirmed
266,47,car,0.5547620026396474,1045,174,1152,218,Confirmed
266,49,car,0.746735617817427,-258,188,-94,258,Confirmed
266,53,car,0.787481204807011,633,169,712,210,Confirmed
266,59,car,0.683969485750591,1544,136,1646,184,Confirmed
267,1,car,0.9237706661224365,0,226,287,363,Confirmed
267,47,car,0.5492143826132508,1057,174,1165,218,Confirmed
267,49,car,0.7392682616392527,-276,189,-112,258,Confirmed
267,53,car,0.7796063927589408,643,169,722,210,Confirmed
267,59,car,0.6771297908930851,1565,135,1667,183,Confirmed
268,1,car,0.9235823154449463,0,226,287,364,Confirmed
268,47,car,0.5437222387871183,1070,174,1177,218,Confirmed
268,49,car,0.7318755790228602,-293,189,-129,259,Confirmed
268,53,car,0.7718103288313514,652,169,731,210,Confirmed
268,59,car,0.6703584929841543,1586,134,1687,183,Confirmed
269,1,car,0.9244805574417114,0,226,287,364,Confirmed
269,47,car,0.5382850163992472,1082,174,1189,218,Confirmed
269,49,car,0.7245568232326316,-311,190,-147,260,Confirmed
269,53,car,0.7640922255430378,662,170,741,211,Confirmed
269,59,car,0.6636549080543127,1607,133,1708,182,Confirmed
269,66,car,0.6216506958007812,870,178,903,208,New
270,1,car,0.9222506880760193,0,226,287,364,Confirmed
270,47,car,0.5329021662352548,1094,174,1202,218,Confirmed
270,49,car,0.7173112550003052,-329,190,-165,260,Confirmed
270,53,car,0.7564513032876075,671,170,750,211,Confirmed
270,59,car,0.6570183589737696,1628,132,1729,181,Confirmed
270,67,car,0.832597017288208,870,166,927,209,New
271,1,car,0.9236038327217102,0,226,287,363,Confirmed
271,47,car,0.5275731445729022,1107,174,1214,218,Confirmed
271,49,car,0.7101381424503022,-347,191,-183,261,Confirmed
271,53,car,0.7488867902547314,681,170,760,211,Confirmed
271,59,car,0.6504481753840319,1649,132,1750,180,Confirmed
271,67,car,0.8466266393661499,874,163,947,207,New
272,1,car,0.9241271615028381,0,226,287,363,Confirmed
272,47,car,0.5222974131271731,1119,174,1226,218,Confirmed
272,49,car,0.7030367610257992,-365,192,-201,262,Confirmed
272,53,car,0.741397922352184,691,170,770,211,Confirmed
272,59,car,0.6439436936301915,1670,131,1771,179,Confirmed
272,67,car,0.8690125942230225,879,161,966,205,New
273,1,car,0.9241361021995544,0,226,287,363,Confirmed
273,47,car,0.5170744389959014,1131,174,1238,218,Confirmed
273,49,car,0.6960063934155412,-383,192,-219,262,Confirmed
273,53,car,0.7339839431286622,700,170,779,211,Confirmed
273,59,car,0.6375042566938897,1691,130,1792,179,Confirmed
274,1,car,0.923758327960968,0,226,287,363,Confirmed
274,47,car,0.5119036946059424,1143,174,1251,218,Confirmed
274,49,car,0.6890463294813858,-401,193,-236,263,Confirmed
274,53,car,0.7266441036973756,710,170,789,211,Confirmed
274,59,car,0.6311292141269508,1712,129,1813,178,Confirmed
275,1,car,0.9241756200790405,0,226,287,364,Confirmed
275,47,car,0.506784657659883,1156,175,1263,218,Confirmed
275,49,car,0.6821558661865719,-418,194,-254,264,Confirmed
275,53,car,0.7193776626604019,719,170,798,211,Confirmed
275,59,car,0.6248179219856813,1733,129,1834,177,Confirmed
276,1,car,0.9239705204963684,0,226,287,364,Confirmed
276,47,car,0.5017168110832841,1168,175,1275,219,Confirmed
276,49,car,0.6753343075247061,-436,194,-272,264,Confirmed
276,53,car,0.7121838860337979,729,170,808,211,Confirmed
276,59,car,0.6185697427658245,1754,128,1855,176,Confirmed
276,70,car,0.6950923800468445,943,160,1072,208,New
277,1,car,0.9259833097457886,0,226,287,363,Confirmed
277,49,car,0.668580964449459,-454,195,-290,265,Confirmed
277,53,car,0.7050620471734599,738,170,817,211,Confirmed
277,59,car,0.6123840453381663,1775,127,1876,175,Confirmed
277,70,car,0.8081919550895691,967,158,1098,205,New
278,1,car,0.9253624081611633,0,226,287,364,Confirmed
278,49,car,0.6618951548049644,-472,196,-308,265,Confirmed
278,53,car,0.6980114267017252,748,170,827,211,Confirmed
278,59,car,0.6062602048847846,1796,126,1897,175,Confirmed
278,70,car,0.7927404046058655,997,158,1128,204,New
279,1,car,0.9248633980751038,0,226,287,363,Confirmed
279,49,car,0.6552762032569147,-490,196,-326,266,Confirmed
279,53,car,0.691031312434708,758,170,837,211,Confirmed
279,59,car,0.6001976028359367,1817,125,1918,174,Confirmed
279,70,car,0.5317487716674805,1033,157,1156,203,Confirmed
280,1,car,0.9250897169113159,0,226,287,364,Confirmed
280,49,car,0.6487234412243456,-508,197,-344,267,Confirmed
280,53,car,0.6841209993103609,767,170,846,211,Confirmed
280,59,car,0.5941956268075773,1838,125,1939,173,Confirmed
280,70,car,0.5264312839508056,1072,157,1194,203,Confirmed
281,1,car,0.9239543080329895,0,226,287,364,Confirmed
281,49,car,0.6422362068121021,-525,198,-361,267,Confirmed
281,53,car,0.6772797893172572,777,170,856,211,Confirmed
281,59,car,0.5882536705395015,1859,124,1960,172,Confirmed
281,70,car,0.5211669711112976,1111,157,1232,202,Confirmed
282,1,car,0.9245282411575317,0,226,287,364,Confirmed
282,49,car,0.6358138447439811,-543,198,-379,268,Confirmed
282,53,car,0.6705069914240847,786,170,865,211,Confirmed
282,59,car,0.5823711338341064,1880,123,1981,172,Confirmed
282,70,car,0.5159553014001846,1149,157,1271,202,Confirmed
282,72,car,0.8599653840065002,1075,154,1206,199,New
283,1,car,0.9251556396484375,0,226,287,364,Confirmed
283,49,car,0.6294557062965412,-561,199,-397,269,Confirmed
283,53,car,0.6638019215098439,796,170,875,211,Confirmed
283,59,car,0.5765474224957654,1901,122,2002,171,Confirmed
283,70,car,0.5107957483861828,1188,157,1309,202,Confirmed
283,72,car,0.8638429045677185,1095,153,1224,199,New
284,1,car,0.9245545268058777,0,226,287,364,Confirmed
284,49,car,0.6231611492335758,-579,199,-415,269,Confirmed
284,53,car,0.6571639022947454,806,170,885,211,Confirmed
284,59,car,0.5707819482708077,1922,121,2023,170,Confirmed
284,70,car,0.505687790902321,1226,157,1348,202,Confirmed
284,72,car,0.8271341919898987,1114,152,1234,197,New
285,1,car,0.924712061882019,0,226,287,364,Confirmed
285,49,car,0.61692953774124,-597,200,-433,270,Confirmed
285,53,car,0.650592263271798,815,171,894,212,Confirmed
285,59,car,0.5650741287880997,1943,121,2044,169,Confirmed
285,70,car,0.5006309129932978,1265,157,1386,202,Confirmed
285,72,car,0.804257869720459,1132,150,1240,196,Confirmed
